wb_id;wb_name;wb_project;connection_id;ds_id;ds_name;connection_type;connection_username;ds_url;ds_type
15804c32-46b7-4399-96cc-aab70f4eee22;Crossover Report;04 - Ad Hoc;6b3ffd14-8e81-4f8b-ab60-d1f9ec90ec82;c6f7bf2e-9c11-4c48-a4f3-d00f1e9469d2;Crossover Report;snowflake;tableau;$embedded$_9d7bc39e-7389-414f-9e0d-082e78527e81;snowflake extract
0d8bbc48-d456-4fc0-9fa1-bbe91018eb6a;801 Purecloud;06 - Customer Service;3e85a91e-1c31-40e4-94e8-9e8970a4ec82;b56f54d9-fce6-40ff-a6b1-9de4e7fa7534;ACTIVES_BY_BU (TABLEAU.ACTIVES_BY_BU) (TABLEAU);snowflake;tableau;$embedded$_bc75e1cb-8da2-4f5a-a6f2-0e0a434f56f2;snowflake extract
0d8bbc48-d456-4fc0-9fa1-bbe91018eb6a;801 Purecloud;06 - Customer Service;e1744a5a-f8f0-454f-991f-7b1caf9d2af3;339548bb-4361-40d9-9255-6e157061afe4;Purecloud Segments;sqlproxy;;$embedded$_f6098fc5-3bae-474e-8cd7-28933f2fd5f2;Tableau datasource
0d8bbc48-d456-4fc0-9fa1-bbe91018eb6a;801 Purecloud;06 - Customer Service;80981c05-616d-44ff-bb30-457bfd537cfc;4bd7fe1c-f736-4bca-abd7-eb7c906dea15;PURECLOUD_EVALUATIONS;snowflake;tableau;$embedded$_774c70a4-781b-4da8-9c70-359793eeb943;snowflake extract
0d8bbc48-d456-4fc0-9fa1-bbe91018eb6a;801 Purecloud;06 - Customer Service;d8622f35-4bfb-4912-bab6-119462190cfe;23253a53-d296-4421-9780-d8d985706c6e;PURECLOUD_USER_PRESENCE;snowflake;tableau;$embedded$_0bd4654b-6f8c-4935-a2ea-23d7d2b4a5a1;snowflake extract
4fca04a3-665f-4d33-927d-cfae71bf8988;Global Revenue;09 - Board Finance Groupe;6977a1c1-9e45-4d88-9b47-01bafd020249;24b06ae0-0995-44d5-be66-eac019acb4e4;Contract;sqlproxy;;$embedded$_2361fb5f-f494-4ac7-8435-568672748735;Tableau datasource
87497ddb-f6db-4d5a-a4b0-90a0c13b9a31;Rapprochement Coûts BI & Factures DAF;03 - Controlling Technique;adf70ada-3eda-488a-8712-944c9af31bb7;6abe8a44-7070-4195-9003-ba99ddf114f4;COST_INTEGRITY;snowflake;tableau;$embedded$_e196b6f6-1b25-4f01-a092-1f65603888ba;snowflake extract
87497ddb-f6db-4d5a-a4b0-90a0c13b9a31;Rapprochement Coûts BI & Factures DAF;03 - Controlling Technique;31b34be1-27e2-4880-871f-db8d6fb98b20;71e8b13e-35ce-4ae4-a57e-443685c6a02d;RECEPTIONS_SANS_FACTURES (ALARM.RECEPTIONS_SANS_FACTURES) (ALARM);snowflake;tableau;$embedded$_d9be766c-4fbc-4cb0-8d9c-89e593813a07;snowflake extract
87497ddb-f6db-4d5a-a4b0-90a0c13b9a31;Rapprochement Coûts BI & Factures DAF;03 - Controlling Technique;361de092-edda-4b10-91cf-346b37919579;3463e655-e599-4ef1-890c-895aa131581d;ATLAS_PARTNER_P (ATLAS.ATLAS_PARTNER_P) (ATLAS);snowflake;tableau;$embedded$_773aa4c0-d60c-4a15-a6a8-86eb65bff78b;snowflake extract
87497ddb-f6db-4d5a-a4b0-90a0c13b9a31;Rapprochement Coûts BI & Factures DAF;03 - Controlling Technique;2ecb08e5-5ea2-4f36-8086-5886aacdf6b4;18425cc0-242c-47b3-ace3-bac228b90f4e;LEADGEN_SUIVI_FACTURES (DAF.LEADGEN_SUIVI_FACTURES) (DAF);snowflake;tableau;$embedded$_aba9100d-d72a-4c55-b654-33c7eba68212;snowflake extract
0788991f-d5c0-4d0a-9b3b-a1d726389737;Monito - Coûts opérationnels en erreur;02 - Controlling Marketing;715a8b14-3364-402b-842c-bc1a6aeadaf4;21b58fd8-d043-4134-aa8b-b9f31162e079;Cost Check;sqlproxy;;$embedded$_9f2bb7c2-fab6-461a-b492-a4458f4e56f7;Tableau datasource
f36a9879-5bcb-433c-a528-62aa762ed655;700 Entrailles de la bête;11 - Z Reporting NL;fe060ece-6012-4ff6-8abf-36c448059b6a;50f67cf0-4b27-447a-bf57-06167d3e161e;LEDGER_TAB (DAF.LEDGER_TAB) (DAF);snowflake;TABLEAU_FINANCE;$embedded$_465934e4-162b-468f-aaee-94ff4912b66e;snowflake extract
f36a9879-5bcb-433c-a528-62aa762ed655;700 Entrailles de la bête;11 - Z Reporting NL;248324f0-30ae-4750-aa36-4360ec7d0f29;c348d798-4bdc-4acc-b2dc-6a6cd6149b88;CASH_NON_RECONCILIE_TRANSAC;snowflake;TABLEAU_FINANCE;$embedded$_ecd9e855-fd43-4883-9090-a2825b8d2337;snowflake extract
f36a9879-5bcb-433c-a528-62aa762ed655;700 Entrailles de la bête;11 - Z Reporting NL;1119c235-b6de-46bf-bb01-8e57a9d62e6e;b132d46e-b2e2-4f54-b4ec-3755df12ff3d;REC_VENTES_CASH;snowflake;TABLEAU_FINANCE;$embedded$_4e69cdca-898c-4625-9ba6-1c0f994e9dbc;snowflake extract
433a733e-c235-4a51-bc0c-40b58e57e49c;TV Dashboard;04 - Ad Hoc;9dfe31fc-25e0-47cf-86ae-ace2e3f56b2c;83b20113-f2f7-45ee-bfdf-aa28e75f0267;Contract;sqlproxy;;$embedded$_39fc2001-d586-493c-9460-adc5a6d629e8;Tableau datasource
433a733e-c235-4a51-bc0c-40b58e57e49c;TV Dashboard;04 - Ad Hoc;d9313152-014f-451b-8d13-22d3d3075044;a9b02776-03a3-42e8-abd8-e1149b798e51;Leads Variation;sqlproxy;;$embedded$_366ca5a3-ba5f-4862-8c34-5e1a1749748c;Tableau datasource
fbbbd7d9-fbd5-49c9-8752-1050e6018799;Projections Calculator;04 - Ad Hoc;e5562b6e-e343-4a66-9922-4b4e7487d6c5;a1d73ad5-b619-48d1-be13-614a07e623ae;Projection Calculator;snowflake;tableau;$embedded$_6cd74cc3-b4a1-47bf-b795-5c66a07c8695;snowflake extract
670f929c-7def-4bd6-8fc0-f76d96fb7ec5;05- Paid List Report;01 - Marketing;bc7834b2-cee1-4098-8877-ea97f5476b00;8f473c80-e87c-4681-b658-c1475941f20b;Contract;sqlproxy;;$embedded$_be4a2395-6d38-4f8c-b58b-d4c7b5775286;Tableau datasource
670f929c-7def-4bd6-8fc0-f76d96fb7ec5;05- Paid List Report;01 - Marketing;f3b155bc-247d-4e83-a120-4b882ed8e0bb;9af174ad-8d6e-41f0-a582-03a7522b17ce;Paid File Size;sqlproxy;;$embedded$_83495674-2ec9-4470-9aef-e4dfcaefeed2;Tableau datasource
670f929c-7def-4bd6-8fc0-f76d96fb7ec5;05- Paid List Report;01 - Marketing;c955f08e-8cb2-4790-94ba-7759b23f9cf1;da680a47-8c9c-40a4-8d96-063d1a618e31;KPIs Mensuels Affiliate;sqlproxy;;$embedded$_451a5fa3-3863-496a-bab9-515c715bcb3c;Tableau datasource
44631faa-6248-4bed-a1f4-cf2cdc7102c4;Conversion Charts;04 - Ad Hoc;dc115b6c-0360-4288-b0ce-b9335bb3c32a;d5ca0004-22aa-4702-8b99-6ca013a03c9b;Contract;sqlproxy;;$embedded$_2f4d3171-b819-4172-bd83-d7ecf8973ea8;Tableau datasource
d6c18386-2c63-4185-af98-6e3405f8e6f9;P&L Dashboard;08 - DAF;2ff2747c-35d3-4c4c-a7f3-90d7aab4111f;5e23514c-adc3-4cda-9747-e5573783ff9a;PNL Contracts;sqlproxy;;$embedded$_9ed8520d-0acf-4ced-bf1b-4436a731c15e;Tableau datasource
945c1637-fd4c-4be1-b444-a4598ded9404;Zolambi;01 - Marketing;56306fa7-b1bf-4d80-abd4-05d0a9b76d0c;f3639f75-9d91-47f0-aabc-f65fad2f370f;Contract;sqlproxy;;$embedded$_ab01029c-0100-4125-b995-d7a0d853d248;Tableau datasource
14fe88fd-c118-4eef-925e-83d47059deb9;Lead Gen Sanity Check;04 - Ad Hoc;e70d848d-201d-4408-add9-ee3d9a14ce6e;567a7576-1d33-4330-9ff9-c48c02d06875;COST_CHECK (PUBLIC);snowflake;tableau;$embedded$_fef6c668-89ed-41b9-968b-744a62541f20;snowflake extract
14fe88fd-c118-4eef-925e-83d47059deb9;Lead Gen Sanity Check;04 - Ad Hoc;815e8c91-45f0-4efc-9232-e6bc127e4b06;10eaa209-9b7c-47dd-9134-3bdac2302c29;AR 2 STEP FUSION;sqlproxy;;$embedded$_fa1e9170-beb7-45e3-8e53-b2130830ed56;Tableau datasource
14fe88fd-c118-4eef-925e-83d47059deb9;Lead Gen Sanity Check;04 - Ad Hoc;e2a876d1-92d9-48ab-b60f-2f98924052c9;bda84607-8598-4566-a064-365176d63027;Leads Variation;sqlproxy;;$embedded$_36b5dd3e-3b44-446b-bed3-2bbfa2d98647;Tableau datasource
14fe88fd-c118-4eef-925e-83d47059deb9;Lead Gen Sanity Check;04 - Ad Hoc;fe5a0101-f7bc-495e-b206-d1cdd04dc304;9729ca97-a852-403e-96ac-fb145053fc81;AR 1 Step;sqlproxy;;$embedded$_811060da-94b2-4ea5-8d81-6286d2d6d88f;Tableau datasource
afa28821-e9a9-4298-ba84-0bb413224671;Monitoring Data Source Audrey;10 - BI;bb525d7d-fa57-46d5-86a1-900e6bea3aa9;f3f7bab3-5c0e-40fb-9932-80c62d79a629;Service Cloud - Solde Emails;sqlproxy;;$embedded$_7b01869b-4f7b-4887-8376-338068c4d85e;Tableau datasource
afa28821-e9a9-4298-ba84-0bb413224671;Monitoring Data Source Audrey;10 - BI;61192209-9656-4635-9a1c-7f85efc9ef09;7cd6b892-5f7b-4279-a249-b84479ed700d;AR 1 Step;sqlproxy;;$embedded$_e9cb2423-5aee-4c2b-9325-a23400d2b8f5;Tableau datasource
afa28821-e9a9-4298-ba84-0bb413224671;Monitoring Data Source Audrey;10 - BI;77812f9b-f8cb-4788-a9c4-bad42e17fd12;8644f2b5-58fe-40d1-b20d-2e695c83f89b;MC Job Fix (with BI_SUBS) | Projet : 01 - Marketing;sqlproxy;;$embedded$_92df116d-37d7-4ffd-8c81-5684ae7f8d22;Tableau datasource
afa28821-e9a9-4298-ba84-0bb413224671;Monitoring Data Source Audrey;10 - BI;1bb2238c-6d18-4327-86e6-29c26b57d8ef;281f1e53-f4f2-4f3d-9746-662e27b5afd6;LCT;sqlproxy;;$embedded$_cb3a7299-60d1-457d-86c4-f12f24808cbe;Tableau datasource
afa28821-e9a9-4298-ba84-0bb413224671;Monitoring Data Source Audrey;10 - BI;10f598e3-e3dd-4e32-adeb-94f818354af4;fd71f157-fae4-4d46-9c54-90229ff319d5;Contract;sqlproxy;;$embedded$_7eb5fb30-7e82-4e65-80c0-2e582078e1fb;Tableau datasource
afa28821-e9a9-4298-ba84-0bb413224671;Monitoring Data Source Audrey;10 - BI;804a6c29-8311-427a-af09-baa463554af5;9b96fbe3-7f35-436a-8531-979b15bccca0;Service Cloud;sqlproxy;;$embedded$_a45e2d86-a569-40cc-bfa3-7fa3ad1f8575;Tableau datasource
afa28821-e9a9-4298-ba84-0bb413224671;Monitoring Data Source Audrey;10 - BI;28d31b36-c432-46d2-8526-e67982c0d5a5;88872c01-7e62-4cd1-9b5d-02c9bc0eef25;AR 2 Step;sqlproxy;;$embedded$_aaa8d384-0493-430d-9277-a3e7a7d48572;Tableau datasource
afa28821-e9a9-4298-ba84-0bb413224671;Monitoring Data Source Audrey;10 - BI;a8681b43-2a6f-4a5a-a8f9-cd8f33834ce7;35b6c2fa-59d9-4943-92bb-f2b56a6c8054;KPIs Mensuels Affiliate;sqlproxy;;$embedded$_f764bce9-427a-4974-9008-3db1e68f193a;Tableau datasource
afa28821-e9a9-4298-ba84-0bb413224671;Monitoring Data Source Audrey;10 - BI;9a02c1f3-0dc1-45c5-9f02-cf6f7fd44023;24430067-a6e4-4216-b015-1beb39361882;Leads (All);sqlproxy;;$embedded$_1fe38e08-42c9-42d4-b29a-3ef1e187c6d3;Tableau datasource
afa28821-e9a9-4298-ba84-0bb413224671;Monitoring Data Source Audrey;10 - BI;27383fbd-eff4-4ea2-bc68-b9879348bc23;c158c143-2e6c-4249-8706-165caf197b8e;Paid File Size;sqlproxy;;$embedded$_46ee826d-ab24-4c9e-8dcf-cce06e35ddcb;Tableau datasource
afa28821-e9a9-4298-ba84-0bb413224671;Monitoring Data Source Audrey;10 - BI;9b4c979c-6443-4a0c-bbec-4eb645d17f8d;37af050c-7de9-477d-a82c-8b38f7933638;Attrion & Life Time Value;sqlproxy;;$embedded$_4ef48093-5f58-4dbf-acac-57bfef59cabf;Tableau datasource
afa28821-e9a9-4298-ba84-0bb413224671;Monitoring Data Source Audrey;10 - BI;25694ab8-7df1-4327-901e-36796ab14fa9;cd2295a7-fd45-40af-b6ff-7d29d4424df9;Taux Devises;sqlproxy;;$embedded$_6fde7a33-caee-4ac7-9eae-9a00ea2a29f6;Tableau datasource
afa28821-e9a9-4298-ba84-0bb413224671;Monitoring Data Source Audrey;10 - BI;8c1f8d99-193f-4a98-ada3-b8ba7c52e44f;d10e88d6-3cd0-4505-94d5-edbd81fccc6c;Service Cloud - Case History & Trace Record;sqlproxy;;$embedded$_0ff356df-fe6c-4ca0-a231-0fd6873ef788;Tableau datasource
afa28821-e9a9-4298-ba84-0bb413224671;Monitoring Data Source Audrey;10 - BI;b56a7fda-1b08-491d-846b-9ce5e6fdf9fc;68adb376-07e1-4be2-a2af-60414c593185;PNL Contracts;sqlproxy;;$embedded$_dc436a6d-51f7-4f9b-bc72-259028962176;Tableau datasource
afa28821-e9a9-4298-ba84-0bb413224671;Monitoring Data Source Audrey;10 - BI;093eee92-fe39-41d7-bc45-c4f598e404af;a42da43f-ca2e-41fc-9f9d-e0468ec68c87;Cross Promo;sqlproxy;;$embedded$_fa80ed9d-ce30-4827-8438-30ea621659a1;Tableau datasource
afa28821-e9a9-4298-ba84-0bb413224671;Monitoring Data Source Audrey;10 - BI;d0016db5-ce7f-4154-99cc-6dbd2a57baf4;f61542b8-9f5a-474f-9f36-da1be09d5949;Cost Check;sqlproxy;;$embedded$_0811d1aa-36a3-4578-9a09-d8e3b75089b2;Tableau datasource
afa28821-e9a9-4298-ba84-0bb413224671;Monitoring Data Source Audrey;10 - BI;7df6e556-add5-4020-9e59-3d684d31290a;19998af1-35e9-4c47-a0ca-e6bf6505203a;Orion Complete;sqlproxy;;$embedded$_20d54020-18c2-4854-a6ee-8c6470edbe66;Tableau datasource
afa28821-e9a9-4298-ba84-0bb413224671;Monitoring Data Source Audrey;10 - BI;69f974af-4c83-4707-8ffe-f3e73c17e27a;316600b3-f357-4f6d-a4fd-78830acbe1d5;MC Deliverability Report (with BI_SUBS);sqlproxy;;$embedded$_47b1c43c-386e-421e-a79b-d0778ba56707;Tableau datasource
afa28821-e9a9-4298-ba84-0bb413224671;Monitoring Data Source Audrey;10 - BI;0ec57aae-3a77-4ab0-a070-236d9c149c67;add789e6-1c12-48b4-9adb-911cfa71a34f;Purecloud Segments;sqlproxy;;$embedded$_cb090fb2-165a-46c0-a425-919555380ddc;Tableau datasource
afa28821-e9a9-4298-ba84-0bb413224671;Monitoring Data Source Audrey;10 - BI;c71a938a-c12f-48cb-9b5c-aa7a42d97ac5;9dff72e5-3c9b-4c9c-aff6-b71df1fc9bb2;2 Step Picking;sqlproxy;;$embedded$_1166bc1f-d1fd-4ff0-8086-8073f1328916;Tableau datasource
afa28821-e9a9-4298-ba84-0bb413224671;Monitoring Data Source Audrey;10 - BI;0f1fa60d-265d-445c-8fa1-8c344e9f4aab;37539daa-1191-460b-8b67-4b4f112e1484;Service Cloud - Evaluation;sqlproxy;;$embedded$_49872b9c-b4e3-4824-84c3-1a1a00d202e3;Tableau datasource
afa28821-e9a9-4298-ba84-0bb413224671;Monitoring Data Source Audrey;10 - BI;129dbecc-761b-4308-8b61-afc1380b7f78;2ff37c98-b148-4cea-b250-ad386553f1fd;Campaign Stats (Daily Agreg);sqlproxy;;$embedded$_99621a25-b77a-48f3-bb9e-16c7f81dc787;Tableau datasource
afa28821-e9a9-4298-ba84-0bb413224671;Monitoring Data Source Audrey;10 - BI;dcfab84f-08bc-4502-935f-8edbfd29d302;2f4cf3fc-8e3d-43da-943c-56054fdd90ce;Hotlists;sqlproxy;;$embedded$_bcaf8498-b4cd-4cf3-b45f-d1ccee10282e;Tableau datasource
afa28821-e9a9-4298-ba84-0bb413224671;Monitoring Data Source Audrey;10 - BI;3131ca96-3305-4325-a490-fc8180a517fd;25441109-ad33-441c-9e49-5eb3ebc12463;Leads Variation (Agreg);sqlproxy;;$embedded$_1097e0f8-3f77-4a0a-b600-389c0f244464;Tableau datasource
afa28821-e9a9-4298-ba84-0bb413224671;Monitoring Data Source Audrey;10 - BI;c9fedf39-4c3d-4c41-b6e9-353b1b24ca51;6877f15e-a861-47f3-a2f8-435f6268ca50;Leads Actifs (Agreg);sqlproxy;;$embedded$_2aa0d247-b8ea-4c81-85c8-17f6bb199ab4;Tableau datasource
6c6a2205-54ce-4a78-ac50-b3e9d6eb8654;Salesforce Integrity;11 - Z Reporting NL;0b048893-b404-4781-ae3c-71778a164b78;785bf1d8-5dcc-429a-945b-a5f9bb95d41a;SF_MISSING_NPC (ALARM.SF_MISSING_NPC) (ALARM);snowflake;TABLEAU;$embedded$_a2487db5-c5e7-4a5b-a7aa-e3480ac17088;snowflake extract
6c6a2205-54ce-4a78-ac50-b3e9d6eb8654;Salesforce Integrity;11 - Z Reporting NL;8b6aa0c7-f308-4a21-a4f2-d06c311c407b;a3037ac4-f383-4d3e-b59f-67f39f98c198;SF_ENTRAILLE (ALARM.SF_ENTRAILLE) (ALARM);snowflake;TABLEAU;$embedded$_fc334515-f2ba-465a-b599-1bed09deb3cc;snowflake extract
671f24e5-4b13-4e15-9347-cdaa0035c65d;Z Transac Integrity;11 - Z Reporting NL;099bc646-e8a9-4563-86ec-cb15dd49b11a;3e0fa64c-a4fe-4deb-9c6c-4ced05c98c3e;CASH_NON_mappé_GROUP;snowflake;TABLEAU_FINANCE;$embedded$_e839c4ff-bb07-4629-8bb0-129ab1356f01;snowflake extract
671f24e5-4b13-4e15-9347-cdaa0035c65d;Z Transac Integrity;11 - Z Reporting NL;8cfefbd0-0d41-4369-8bcb-443fb6279c53;4d8c1a8b-fb69-40df-a8c8-6550b2f2ac13;CASH_REC_NON_MAPPE;snowflake;TABLEAU_FINANCE;$embedded$_ca61d930-c315-4202-a86c-1950a09e2b0b;snowflake extract
671f24e5-4b13-4e15-9347-cdaa0035c65d;Z Transac Integrity;11 - Z Reporting NL;481abfda-9deb-4f68-969d-2cc8d01cf1f9;b6d937f4-ff3f-490b-bbeb-0bf3fcc38265;CASH_NON_RECONCILIE_TRANSAC;snowflake;TABLEAU_FINANCE;$embedded$_5c4cfb9d-7e21-4c17-a913-ce89c8a95b20;snowflake extract
671f24e5-4b13-4e15-9347-cdaa0035c65d;Z Transac Integrity;11 - Z Reporting NL;19c32ad3-ec54-434d-98ea-39d0636ad730;d1e5fe6f-9ae8-4363-82b6-f9a82216093f;BS_REC_CHECK;snowflake;TABLEAU_FINANCE;$embedded$_0c864267-c9de-4123-b9f2-c8dad3125856;snowflake extract
671f24e5-4b13-4e15-9347-cdaa0035c65d;Z Transac Integrity;11 - Z Reporting NL;c8e0c3c0-e476-4b8f-9965-81e319801461;52ea903d-674a-41d9-b78d-3b62541c52c3;CASH_INTEGRITY;snowflake;TABLEAU_FINANCE;$embedded$_b81c3259-1f14-4beb-8d39-b6f2af2a5653;snowflake extract
9abb31e5-7e7e-4b3c-8365-ec79ebe944cc;Monthly Review;07 - Outdated;37e8ede0-bc10-473b-9d41-2f6b22029435;22ae9b32-08ad-42ef-93ad-d9241d98fc85;COST_CHECK (PUBLIC);snowflake;tableau;$embedded$_c95490c0-b2e5-48e9-8db5-ad9bf2381b45;snowflake extract
9abb31e5-7e7e-4b3c-8365-ec79ebe944cc;Monthly Review;07 - Outdated;194864a3-629d-445e-bcbd-0cd794157b4e;bcb133e2-4011-4b4f-9bea-0d44a739cf47;PNL Contracts;sqlproxy;;$embedded$_843b8253-0e3d-49ec-ae98-3119f82f0cb9;Tableau datasource
9abb31e5-7e7e-4b3c-8365-ec79ebe944cc;Monthly Review;07 - Outdated;cfd5c708-aaf2-402a-b864-f4041222d091;ddfd08e9-b40b-49be-b6fd-1963d3d9a77c;Leads Variation;sqlproxy;;$embedded$_7925534d-bf2b-465c-9d0b-b7505aaf9765;Tableau datasource
9abb31e5-7e7e-4b3c-8365-ec79ebe944cc;Monthly Review;07 - Outdated;86adcf7e-a86b-42b1-b81c-68baaad76681;6fa3a901-ef96-40a7-8c5f-20defc774ff9;Leads;sqlproxy;;$embedded$_155a23c9-68e6-4b37-b5c4-a8cc428cb3bd;Tableau datasource
62d8ef2c-ca9a-47bb-b4f7-d0a383995efe;Renewal Rates;07 - Outdated;a05759b3-e49c-4a53-a440-e36a55b1f261;72099761-fd63-4aa4-b6d2-83f64024c0a7;Renewal Rates;snowflake;tableau;$embedded$_3f3824b8-f80e-4ee6-a1ae-9a2b57a40fdf;snowflake extract
6806a76d-466f-460b-895b-390b9011e50f;Calculs de Provisions;08 - DAF;d18d5e5e-bb85-470c-bded-fa1be4c7d531;0210fb3d-7d10-4f7b-803a-2da4d0cd6666;PNL Contracts;sqlproxy;;$embedded$_397ade27-e06b-4ad6-8f3f-de7a7d84cbf8;Tableau datasource
c89ca1da-1459-4be4-9594-b901393b0abb;06- One Step Report;01 - Marketing;0b81d2a4-5e40-469a-bd69-2e89b65b111d;e8c4cb41-0db6-49b9-92e2-d16da25ba64c;AR 1 Step;sqlproxy;;$embedded$_d5facfe5-d2c2-4512-b5d2-3a4afabe99bc;Tableau datasource
a2f2a7b6-6570-42df-bd9c-1e1171dc78ea;07- Two Step Report;01 - Marketing;d91ebd7b-16d8-4f5b-b436-d864ca650448;6b582a36-854d-4b13-924a-975cd9129760;AR 2 STEP FUSION;sqlproxy;;$embedded$_4e6f9a97-d793-4b52-afdc-34fad57554ad;Tableau datasource
a2f2a7b6-6570-42df-bd9c-1e1171dc78ea;07- Two Step Report;01 - Marketing;b7edde29-fb48-4f89-b3dd-3dd4cb33e529;5d0e83c8-d4bb-4ee6-8ee0-5f2902527b5d;2 Step Picking;sqlproxy;;$embedded$_852d6869-e11f-458f-abac-4e7178e4e896;Tableau datasource
25388c8a-b321-4a4e-bf7a-ae4003d50ec3;Suivi Bounces et Ouverture;03 - Controlling Technique;f3d760db-4b00-4d46-9d2c-7c22123fc035;8104af4c-2b60-477e-b4b9-ed5805ed5a96;SUIVI_BOUNCES_OUVERTURES;snowflake;tableau;$embedded$_56986ff1-5c63-48ce-9963-7a6f0dd8d267;snowflake extract
ec30146d-53dc-42ba-9bcc-40794131e27d;08- Suivi Hotlist;01 - Marketing;bb529513-4d58-4121-9a17-b81bf3446fcb;210e7cf7-27b8-4266-913c-60218ad8939d;Hotlists;sqlproxy;;$embedded$_78bdfe62-0f3c-4556-a557-e5fd4f9acdc6;Tableau datasource
ec30146d-53dc-42ba-9bcc-40794131e27d;08- Suivi Hotlist;01 - Marketing;b2841b6f-e425-456d-b6fe-b66d14889fb1;06e40514-93fe-4623-a0a5-833c6296e950;Suivi HL Rachat;snowflake;tableau;$embedded$_3674874d-9567-4b4a-82bc-42639ccc2785;snowflake extract
111abe64-9e5e-4b76-80a8-2a0c4f7cb0dc;Bar Retention Charts;08 - DAF;06103a97-8730-441e-a497-65b049ae7537;89a41c06-17a7-476a-a1f1-86c206f8e2b9;Contract;sqlproxy;;$embedded$_768f41c8-ac49-423c-9719-48f417a6b263;Tableau datasource
3df01995-c7c3-4870-8d3d-d1fe3c95f812;12- Lost Cascade;01 - Marketing;440ac3f5-c1f2-4dd1-b779-ed7f2bce8439;7cfa79d9-009e-445f-9a63-cbe1c0398293;Contract;sqlproxy;;$embedded$_a216a51a-ddc5-4ad7-b356-46d49d770418;Tableau datasource
3df01995-c7c3-4870-8d3d-d1fe3c95f812;12- Lost Cascade;01 - Marketing;ce29ac67-0a38-4bd1-abff-53f9a0bfbd66;d2f3557f-021c-459f-b41d-b6dcf3fbe737;LOST CASCADE BENCHMARK;snowflake;tableau;$embedded$_16774ac6-1f71-4e7f-a01d-bc19acb5fe17;snowflake extract
99277dae-31f5-48cd-9650-ace5755cadbb;10- Attrition & Life Time Values;01 - Marketing;e4c89825-2d4f-4f41-b4f6-e552034632ba;ac09fa92-9660-41f1-b93a-296f6904864e;Attrion & Life Time Value;sqlproxy;;$embedded$_ad9ef1a4-c023-444f-87dc-f93298ff3d70;Tableau datasource
57eda810-885f-42e2-8489-9f170b617deb;Who's Who ? ;07 - Outdated;c3a856fa-0af2-4b6f-a042-62f0b6547f37;7cbb863d-41db-4dc4-9b05-c0aa37304482;DONNEES_DEMO_WHOS_WHO (TABLEAU.DONNEES_DEMO_WHOS_WHO) (TABLEAU);snowflake;tableau;$embedded$_17d5407b-0098-4b93-af5f-c2117843414c;snowflake extract
dcfe5454-f00c-4474-91b0-ff905915fa5e;Stop Report;06 - Customer Service;f7ebf5ee-cdcf-4013-a043-2af0d8c50420;aecf2170-4ab8-4cbb-b1e6-9ddb41fc7889;Service Cloud Speed;snowflake;tableau;$embedded$_db21b313-757e-4df7-895a-f8c535ce643e;snowflake extract
dcfe5454-f00c-4474-91b0-ff905915fa5e;Stop Report;06 - Customer Service;6341ebbd-b01a-4867-90b4-6410f90604cb;8cfecd57-03c2-4344-b9f6-b3fb4cc24e4b;CUSTOMER_SERVICE_ESPACE_PERSO_STOP_BCL (TABLEAU.CUSTOMER_SERVICE_ESPACE_PERSO_STOP_BCL) (TABLEAU);snowflake;tableau;$embedded$_1044b9fc-c4dc-46b7-969b-bea25ba508cf;snowflake extract
55663562-9c09-4287-91b4-b0341c3b2fc8;01- Sales Report;01 - Marketing;5ba3e2f5-2d12-47e5-9f69-b944ad3fb480;95c65f50-96dd-4acd-a13c-e867d3a77f73;Taux Devises;sqlproxy;;$embedded$_ca6cd17b-fb72-45ed-b2ce-23e76dfec43e;Tableau datasource
55663562-9c09-4287-91b4-b0341c3b2fc8;01- Sales Report;01 - Marketing;107399a4-2c19-4ce9-ac6c-96525b6b7a73;f6dfbf57-b03e-4a76-a3a9-8c36df952812;Contract;sqlproxy;;$embedded$_12c10c3c-1f9a-4467-8b3e-bfc3f6052159;Tableau datasource
ff442c64-6e11-411c-9f81-41e938712d95;Ventes SRC;06 - Customer Service;892fc2e9-fcb6-4d38-a07d-d6f7f0a263ea;aa8ceab6-4381-44e4-aed9-39eebae77d72;Contract;sqlproxy;;$embedded$_b831d1cd-a7f0-46f7-8d3b-945208a426ac;Tableau datasource
6b4f1319-7c05-462f-b1cf-32fc5546d30e;04- Free List Report;01 - Marketing;ed803561-b986-40a0-b4a6-156b41510ba6;8825da75-257a-4ca2-abb0-d4d65841971e;Leads Variation;sqlproxy;;$embedded$_aa745838-4a2f-4331-aa3e-99bf0ea4ed7b;Tableau datasource
6b4f1319-7c05-462f-b1cf-32fc5546d30e;04- Free List Report;01 - Marketing;c465988d-b40e-4b5e-a298-c99f9e44e418;ccf56975-587b-431d-8f6a-e174ac70dd42;Leads actifs agrégés;sqlproxy;;$embedded$_c1329276-cf28-4f14-80c1-b13217ea6f45;Tableau datasource
2e458714-cf80-4e53-968a-b9f7a2c76da0;Reportings Live OLI;04 - Ad Hoc;9b8bcc0d-30ff-4cba-ae59-cbe7ed858827;12173a63-66ee-4508-9206-ab3d95260098;Contract;sqlproxy;;$embedded$_c92335a3-dea5-40df-9b0e-b65c9700d487;Tableau datasource
c7b373e2-ef48-4174-aaca-1cd6800b8486;Impayés;11 - Z Reporting NL;f4976e18-c869-4a24-9a31-457eb977bfed;93e92b97-44be-4f32-9a3d-126a397d2560;IMPAYES_SF_TAB;snowflake;TABLEAU;$embedded$_df91f1f7-c9d0-4cfa-802b-00c8ffcb4b1e;snowflake extract
dc4b525e-3b13-45fb-89a1-6b71402a02d5;02- Live Campaign Tracker;01 - Marketing;98824863-908a-4d33-814f-793c00507a88;b2de4ae9-54c1-4f09-b8bb-9139aa20a05e;LCT remplacement;sqlproxy;;$embedded$_d40e7df2-e9fe-4502-bf45-7b8fa795df70;Tableau datasource
dc4b525e-3b13-45fb-89a1-6b71402a02d5;02- Live Campaign Tracker;01 - Marketing;6d34e4d4-9ced-49af-87f9-c2ad0837a804;13b71b24-4713-42ca-a89e-25e35273486a;Clicks 2;snowflake;tableau;$embedded$_48ac80d0-8915-4968-9ca9-9c20c3381a0c;snowflake extract
f31f3383-e3f6-46f3-b95b-07921d62ecfa;NPS - Satisfaction Client;06 - Customer Service;d98adc17-5d22-4e59-9052-569dada4aa32;67a457b0-025d-4220-a070-b3cc6293b86d;NPS_SPONTANE_SRC_MC (TABLEAU.NPS_SPONTANE_SRC_MC) (TABLEAU);snowflake;tableau;$embedded$_7e1c4447-4701-4e94-af17-451a10b2dc60;snowflake extract
f31f3383-e3f6-46f3-b95b-07921d62ecfa;NPS - Satisfaction Client;06 - Customer Service;9d52de28-3812-4ce4-8278-0271c4a898c1;8a03d607-f009-4817-b6c3-d3dc066f0fee;NPS à Chaud SRC;snowflake;tableau;$embedded$_8c07743c-1361-4af6-abcc-6228b7bff9ff;snowflake extract
cf1a4da3-b20a-4517-a0a8-212854fb49fa;ZZ - 1 click SNI Report;11 - Z Reporting NL;8a8968ec-525f-4751-a4e8-d8ff169d137e;77fc822f-ad16-4e1a-879f-af52288a8b0b;ONE_CLICK_ANALYSIS (TABLEAU.ONE_CLICK_ANALYSIS) (TABLEAU);snowflake;TABLEAU_FINANCE;$embedded$_8f693033-ae1a-48d3-8d91-ff020964f3bc;snowflake extract
9d0677b8-66df-471c-9726-3e051cd98408;CRONs;10 - BI;0795d815-663f-4f54-9228-151ac10bfc32;a029df5e-9ada-475d-8996-868cf059c487;Historic Crons;snowflake;tableau;$embedded$_7f0cf13b-c46e-47ce-aba0-52647fe3273a;snowflake extract
99601c26-88dc-49e5-9f40-4212f22c6445;Payment & reject delay;11 - Z Reporting NL;7ca01493-4c77-401b-a64e-990c6c658404;ad0fa560-8935-42f5-99e9-4f735a25fba3;CC_PAYMENT_DELAY (TRANSAC.CC_PAYMENT_DELAY) (TRANSAC);snowflake;TABLEAU;$embedded$_1f5a756e-ebfe-4605-8093-8ef9e196e473;snowflake extract
99601c26-88dc-49e5-9f40-4212f22c6445;Payment & reject delay;11 - Z Reporting NL;313e4f14-d867-4919-a7e7-e67984109551;f0f92fa5-6928-4171-adc7-cc09aa3d1c02;REJECT_DELAY (TRANSAC.REJECT_DELAY) (TRANSAC);snowflake;TABLEAU;$embedded$_adcc4095-5eb0-407a-97af-f77c1eba1148;snowflake extract
99601c26-88dc-49e5-9f40-4212f22c6445;Payment & reject delay;11 - Z Reporting NL;89dc5d7b-8a5a-41d6-8548-f52693f0dfee;1bfd7400-2ec0-4c27-8b73-3e986e779736;PERTES_SECHES_PGU (ALARM.PERTES_SECHES_PGU) (ALARM);snowflake;TABLEAU;$embedded$_629f53fc-282b-41b9-b8a3-7b2627990f6d;snowflake extract
731f65c9-cd2f-40a0-8247-73440ed850cc;Pétitions LLB;04 - Ad Hoc;375b3214-f1b4-4403-908a-11f142888a5d;040b61ba-3474-4f44-8641-5e3f05c2082c;Pétitions LLB;snowflake;tableau;$embedded$_083021a6-3d8b-4112-b9ed-ff178599e13d;snowflake extract
731f65c9-cd2f-40a0-8247-73440ed850cc;Pétitions LLB;04 - Ad Hoc;4d10c3ef-8b58-4230-b453-cfdd6ebf994e;bcbed391-56da-4c77-b340-c2d15281af93;Leads;sqlproxy;;$embedded$_dcaf858f-445e-44cf-8e45-37e62c4fe997;Tableau datasource
731f65c9-cd2f-40a0-8247-73440ed850cc;Pétitions LLB;04 - Ad Hoc;3fedd989-2569-4972-a052-5199ccfeca26;2e387c2f-647c-432f-a8fe-268ea18ed046;Leads Variation;sqlproxy;;$embedded$_82f1e38b-7f0b-4ad2-94b7-0cdbcd2266ce;Tableau datasource
731f65c9-cd2f-40a0-8247-73440ed850cc;Pétitions LLB;04 - Ad Hoc;83ad1c0b-b471-4d9a-86df-aef27affc38d;38e1de91-6b16-4338-abcf-7093f291c1ec;Compteur Petitions;snowflake;tableau;$embedded$_fbca4ae5-7f0d-46ed-b293-491bf4061ccd;snowflake extract
731f65c9-cd2f-40a0-8247-73440ed850cc;Pétitions LLB;04 - Ad Hoc;5ef7f073-f1d7-469f-a3f4-948dbcccd5cb;16f59bdd-9c3a-4fce-8310-3685dd915c9c;Pétitions LLB Benchmark;snowflake;TABLEAU;$embedded$_6cab2cd8-3b39-4ee1-98f0-a13e0ec2ed4d;snowflake extract
3ef134e2-fe67-48e4-9834-9a52155d8fef;Récap Leadgen (pour SAB);04 - Ad Hoc;da564aec-b0b3-42ab-96a5-4cc4d58d459c;db2c5145-057a-4d35-acba-f9cd91170b6e;Leads Variation;sqlproxy;;$embedded$_e0a6532f-2b91-4272-a6e5-32309d16b70f;Tableau datasource
3ef134e2-fe67-48e4-9834-9a52155d8fef;Récap Leadgen (pour SAB);04 - Ad Hoc;a81a35cd-21ac-49ff-8321-d5fcf7bcbfe8;c4f18e4f-bb2f-4c55-b1ee-dc2fc6ccf91a;AR 2 STEP FUSION;sqlproxy;;$embedded$_b330b76e-6810-4076-921a-fef247e45a1f;Tableau datasource
ef0a4a98-0f92-44df-b7e3-26b088e7bebc;03- Emailing Report;01 - Marketing;18c1178c-8e96-4a78-8be4-dd1fe711ab99;9d268246-0fd6-48d8-aec3-c5fa43ba5d8d;MC Job Fix (with BI_SUBS);sqlproxy;;$embedded$_eeab4076-6bf7-4d73-bfbc-53d25a3b7350;Tableau datasource
ef0a4a98-0f92-44df-b7e3-26b088e7bebc;03- Emailing Report;01 - Marketing;0ed86615-0b98-4099-b27c-e015bcd5f18d;d173a67e-0b54-4bab-b7af-ec9e01096a9f;MC Deliverability Report (with BI_SUBS);sqlproxy;;$embedded$_07ec6b6a-7f4f-469e-859e-7258a3c0abfc;Tableau datasource
f474e605-15e5-4f31-9715-5eb9f983e472;Winback Mail;06 - Customer Service;f98b1989-7f8e-4e2b-b5f2-1baa9f0b5782;88920919-2168-4629-bbe5-af222b47d1ee;Contract;sqlproxy;;$embedded$_ddf3e8c1-75c0-4af6-9c04-68e75df37283;Tableau datasource
667962e0-f37b-4aff-8f75-9c197e314135;Payment Switch potential;11 - Z Reporting NL;dc80cfc1-bf36-451a-989a-4bb985d7b864;6eaea182-ba68-402f-95f6-87932084128c;PAYMENT_SWITCH_0C (TABLEAU.PAYMENT_SWITCH_0C) (TABLEAU);snowflake;TABLEAU_FINANCE;$embedded$_72af9675-32c6-412d-907b-731c562028a7;snowflake extract
18abe52c-6493-40a7-aef7-68e7c2bdcf4c;Alerte Codes Banques PGU;10 - BI;581b420a-5f7b-4ea2-b41c-120714382040;5262aafb-c5c8-49bc-b0ea-da028c2deff3;Contract;sqlproxy;;$embedded$_3913ee6a-c5a3-4eb7-83a9-8d90988fc118;Tableau datasource
8c525197-3dd1-40ed-b210-4be9b34699ef;Base Adresses;04 - Ad Hoc;e54d9de4-5a9d-46ce-af3b-995c666f840b;d19f92a6-9043-45a9-b834-6ba11b981687;FICHIER_ADRESSE+ (Connexions multiples);snowflake;tableau;$embedded$_3fccf56c-7c00-430c-a3f8-0b7031fbfd2d;snowflake extract
8c525197-3dd1-40ed-b210-4be9b34699ef;Base Adresses;04 - Ad Hoc;42ddc942-c839-45a0-9973-62f270edc374;d19f92a6-9043-45a9-b834-6ba11b981687;FICHIER_ADRESSE+ (Connexions multiples);snowflake;tableau;$embedded$_3fccf56c-7c00-430c-a3f8-0b7031fbfd2d;snowflake extract
34f42ff3-caf5-48ea-be69-27f5ae754847;1 - Trésorerie Groupe;09 - Board Finance Groupe;c5c0d6c6-0c0d-4a06-9073-9a8b1de22469;cfcd507c-0a61-4de8-aca9-b85bf84bc3c3;COMPTA_GENE_BILAN_PNL (DAF.COMPTA_GENE_BILAN_PNL) (DAF);snowflake;TABLEAU;$embedded$_ab6ac644-9c87-4541-9612-3b646daa939c;snowflake extract
34f42ff3-caf5-48ea-be69-27f5ae754847;1 - Trésorerie Groupe;09 - Board Finance Groupe;7ff5f58b-bc41-4e1f-b92c-2894affd4825;680b4fae-93df-4209-80dc-228a92a6ab50;TRESORERIE_CONTREPARTIE (DAF.TRESORERIE_CONTREPARTIE) (DAF);snowflake;Tableau;$embedded$_ae4948c6-57d5-4501-9ca0-97b7f8db7b22;snowflake extract
f1a0de10-7dc9-44e1-80a3-1f3caf943e98;2 - Management Pack;11 - Z Reporting NL;d78c5ab4-a73e-4bb8-bab4-582900ac8f5d;4a0e5d17-2c41-405d-b220-c13a8576c466;TXSM (SAGE.TXSM) (SAGE);snowflake;atemido;$embedded$_57970eb7-2041-4ef8-82a8-ec801cbfd62f;snowflake extract
f1a0de10-7dc9-44e1-80a3-1f3caf943e98;2 - Management Pack;11 - Z Reporting NL;88d30acb-6983-4b93-9cf6-35abef0a7591;4a0e5d17-2c41-405d-b220-c13a8576c466;TXSM (SAGE.TXSM) (SAGE);snowflake;atemido;$embedded$_57970eb7-2041-4ef8-82a8-ec801cbfd62f;snowflake extract
f1a0de10-7dc9-44e1-80a3-1f3caf943e98;2 - Management Pack;11 - Z Reporting NL;a58eb454-95ca-4b73-bbac-624e98f47f74;4a0e5d17-2c41-405d-b220-c13a8576c466;TXSM (SAGE.TXSM) (SAGE);snowflake;atemido;$embedded$_57970eb7-2041-4ef8-82a8-ec801cbfd62f;snowflake extract
9010bae4-bf2c-4e28-94bf-43ea0b936a31;Suvi Lost;04 - Ad Hoc;61dcc7da-d460-4c22-a2eb-236264119a02;471259be-86d8-41f4-90ad-2ff89a0a1830;Contract;sqlproxy;;$embedded$_3cf38154-bb1f-41ff-a513-a0619aae3f80;Tableau datasource
d3bcb4ba-9969-453d-8cc7-e2b2bd58f258;GODDARD;08 - DAF;62d18351-2acb-4455-851d-cfaf497ef188;79bb324c-8f5f-45cc-a075-d8feec6f27fd;REC_GODDARD (STANDARDISATION.REC_GODDARD) (STANDARDISATION);snowflake;TABLEAU;$embedded$_29f395b6-ed20-4560-ac26-f9b41093b3e4;snowflake extract
d3bcb4ba-9969-453d-8cc7-e2b2bd58f258;GODDARD;08 - DAF;d8bab4af-9dce-4e3e-b5eb-e2ad8b3f34b0;c8017654-493e-45ee-a4b8-4feb22879428;REC_GODDARD_PLUS_CTR (STANDARDISATION.REC_GODDARD_PLUS_CTR) (STANDARDISATION);snowflake;TABLEAU;$embedded$_d0724580-a4ed-4d9c-842c-b7d796ea1f96;snowflake extract
6eb46c70-fae9-406e-a1f7-639bc0468b98;Monito - Trous de fichiers MC;03 - Controlling Technique;dc21825a-13a6-43bb-8b92-779e1e4e3f8d;8b66e95b-c219-4bb6-9c09-ffd914cba258;MONITO_JOB_SANS_ACTION (MARKETING_CLOUD.MONITO_JOB_SANS_ACTION) (MARKETING_CLOUD);snowflake;tableau;$embedded$_09bba7bc-dc78-4203-b1d2-7f34bcfaa22e;snowflake extract
6eb46c70-fae9-406e-a1f7-639bc0468b98;Monito - Trous de fichiers MC;03 - Controlling Technique;ff4e4cc9-eb52-4a87-951c-83bfa732df85;93cd2dbc-150f-4089-b0fa-3cc1a65fc8b3;MONITO_SENT_SANS_JOB (MARKETING_CLOUD.MONITO_SENT_SANS_JOB) (MARKETING_CLOUD);snowflake;tableau;$embedded$_3cf75062-cf11-41b4-9673-05f9e13b3fac;snowflake extract
2e7683cf-fba4-4270-a02e-f74feea8e588;Monito - Cleaning;03 - Controlling Technique;1bdd4af1-b8c0-449d-a847-a4011c6abadf;45af8adc-cf11-4d19-afd7-c01b7b7f4030;LEADS (PUBLIC);snowflake;tableau;$embedded$_3ffbad1e-9e14-4f67-b166-4287f68b1fbb;snowflake extract
55677e1c-fc4f-4594-9748-10d182c90ea3;PAL Sepa Rejects history;11 - Z Reporting NL;75a2e65d-8ed7-4eb8-90fd-377c2b6c2471;ec2b0f3d-9bc2-427f-b21c-721f198817ee;PAL_IBAN_REJECTS;snowflake;TABLEAU;$embedded$_46e68512-8bc2-4a7e-bce5-248017600c04;snowflake extract
bb4cd54a-e234-477e-a187-2c27459fe5e2;Z OUTDATED - Ataraxia;11 - Z Reporting NL;502b6705-f30d-454d-9728-6655f68dcabb;e2c6db4f-819f-4439-bd8e-051a38b53c6b;ATARAXIA_SALES (TABLEAU.ATARAXIA_SALES) (TABLEAU);snowflake;tableau_finance;$embedded$_f18b6aec-fc3f-40f3-9bff-6f6a21bfc146;snowflake extract
bb4cd54a-e234-477e-a187-2c27459fe5e2;Z OUTDATED - Ataraxia;11 - Z Reporting NL;3b6798a6-5b8f-4e87-b019-3cd5c9a7b445;eafeb956-4d14-497f-a005-fd4ab06de26d;ATARAXIA_CLICK (TABLEAU.ATARAXIA_CLICK) (TABLEAU);snowflake;tableau_finance;$embedded$_39002bac-ab74-4726-896f-aafc1a7f09c1;snowflake extract
bb4cd54a-e234-477e-a187-2c27459fe5e2;Z OUTDATED - Ataraxia;11 - Z Reporting NL;08d30e01-75aa-4b4c-8c28-1e76a945cc3c;e0648df9-31ef-4a11-a0bb-6f2454a8adef;ATARAXIA_LEADS (TABLEAU.ATARAXIA) (TABLEAU);snowflake;tableau_finance;$embedded$_61fbb81d-3412-4dd6-95ba-ca50aafe2de3;snowflake extract
17ea625e-7643-4e09-8458-70b14bebd330;09- Cross Promo;01 - Marketing;fb6422f6-69d6-410f-b136-161c0bd393a0;108ad1f3-4315-4495-8b37-872121159f18;MATRICE (CROSS_PROMO.MATRICE) (CROSS_PROMO);snowflake;tableau;$embedded$_4efc065b-e9e4-4b2a-bb82-b9070f4f9d21;snowflake extract
17ea625e-7643-4e09-8458-70b14bebd330;09- Cross Promo;01 - Marketing;0940e16c-8f16-49f3-9cff-542d5e944805;11c7ecab-ec70-4b70-b9c3-2bf8c5433e8c;Cross Promo;sqlproxy;;$embedded$_8c51e1fe-32e1-4fe9-8833-486f396b948a;Tableau datasource
a98443fa-faa6-48b2-bf8b-eaf2e2ebd0a6;Leads Movement;04 - Ad Hoc;71911569-1050-4251-88fd-b25a2acf3cfc;4d3d2a08-aae9-4de3-adfe-61ab124528f9;Leads Movement;snowflake;tableau;$embedded$_2a533381-402a-455b-8cce-f0bfd134912b;snowflake extract
4b2ace1e-737a-4abd-b80e-a9a61b993556;Z MBV Renewal CC expired;11 - Z Reporting NL;f4dae79e-b64c-4da0-b249-dccac4d13dd9;1cec30e1-6354-4f14-bfa2-ab126e4cb665;MBV_RENEWAL_CC_EXPIRED_CHECK (TABLEAU.MBV_RENEWAL_CC_EXPIRED_CHECK) (TABLEAU);snowflake;TABLEAU_FINANCE;$embedded$_493c9e2a-8d29-47d0-8991-cbff94f9b7d2;snowflake extract
077986d1-5af4-4311-a911-17ceacf88846;Monito - Envoi des OIE;03 - Controlling Technique;294d7b30-8d03-4702-8262-642096d10177;520eff58-127e-4e6d-810c-51e96e30970c;Monito OIE Revenus;snowflake;tableau;$embedded$_2318733d-514b-4965-ad7d-82a836c5a7b0;snowflake extract
077986d1-5af4-4311-a911-17ceacf88846;Monito - Envoi des OIE;03 - Controlling Technique;7011288a-1348-4210-b9de-1444820ea461;7d1f5aef-7536-4f80-a8d2-f40a36c75770;invalid_order_orion_recapture;snowflake;tableau;$embedded$_e10de4ae-513f-4dc4-a5bc-8e51d1f6a457;snowflake extract
2a5aa426-ef38-47d4-823c-b775ecc945e2;Serveur Tableau;10 - BI;996422a7-d7dc-472c-ab89-e952b3d3cffc;373efb22-201f-4b5e-9136-91aef36a9ac2;TS Web Requests;postgres;readonly;$embedded$_d978a6e3-bf96-43b2-ae89-ef7db948bc21;
2a5aa426-ef38-47d4-823c-b775ecc945e2;Serveur Tableau;10 - BI;606edaa3-7e58-432a-805d-60762eaa88d9;a4a3aa78-0c17-464d-ba7a-34d96566f736;historical_events (workgroup);postgres;readonly;$embedded$_938a7cf7-5bbd-4d59-a2f1-b8673b792f32;
2a5aa426-ef38-47d4-823c-b775ecc945e2;Serveur Tableau;10 - BI;9b97d5b0-564c-450d-baf8-6c87373d6a07;fd8d885c-b2fb-48b9-bbdd-e45f081bd429;hist_tasks (workgroup);postgres;readonly;$embedded$_7af404f7-2fdc-4cbe-acbf-0ac809e3ea3d;
f56dca62-0af9-4aad-b477-551202c12356;NTZ Tracker;04 - Ad Hoc;21882615-f63e-4d9f-acae-5cde7cf5cf88;cfb23e67-33db-4055-9fec-61e872ed8a71;AR 2 STEP FUSION;sqlproxy;;$embedded$_113cc03d-83e6-47a0-9a34-2e884891e88e;Tableau datasource
f56dca62-0af9-4aad-b477-551202c12356;NTZ Tracker;04 - Ad Hoc;f1ae4303-ffb1-43ff-9ade-046d22a38af8;81335f2a-382b-47e6-983d-4eed5d2402fb;NTZ_TRACKER_PREVIOUS_LEAD (TABLEAU.NTZ_TRACKER_PREVIOUS_LEAD) (TABLEAU);snowflake;tableau;$embedded$_42dc504a-2fdb-40d5-a2ce-458b2e8a485e;snowflake extract
245d0617-a39b-4bd7-9123-62be24be05fb;Monito - Leads Already inexpliqués;03 - Controlling Technique;70815b0b-e971-40fb-9eab-ee67a2e5c445;551e13c5-a6d7-42bc-ad2f-c5f9d67361e6;ALREADY_INEXPLIQUES (TABLEAU.ALREADY_INEXPLIQUES) (TABLEAU) (2);snowflake;tableau;$embedded$_216cf5f5-552d-46fa-a4a3-b304ad3353b5;snowflake extract
b2e1a955-2302-4981-af6e-06d1ea7844b0;Purecloud OUTBOUND (temporaire);07 - Outdated;3c0a1da8-6fdb-4d5c-893e-e142a30fa8c4;50217889-df5c-4653-be63-3ee11df426a5;PURECLOUD_SORTANT_QUICK (TABLEAU.PURECLOUD_SORTANT_QUICK) (TABLEAU);snowflake;tableau;$embedded$_710c5f98-cf4c-468e-a93e-bd4532102dff;snowflake extract
e508105b-6257-4c96-bf1f-20105d902b7f;Monito - Acheteurs Oubliés;02 - Controlling Marketing;94474616-307a-4a29-8f13-334bbb150b0b;42ac7469-3575-4e04-83c6-22b18c0a13bc;Acheteurs non Inscrits;snowflake;tableau;$embedded$_c51eff88-36ed-4325-8bbf-af5b883bc635;snowflake extract
3e2859e6-5daa-4158-9d00-246b13f8a4ac;Monito - MC Publist & Atlas Campaigns;03 - Controlling Technique;04aa3dfa-7b8e-40cf-bedb-e34180c1d82e;5857bb5a-c882-49e9-9f37-607e0f4ef0ca;MC Job Fix (with BI_SUBS) | Projet : 01 - Marketing;sqlproxy;;$embedded$_9de564dd-3b56-4477-89a2-2794726cdef1;Tableau datasource
3e0cb8de-923a-4e7d-a89d-df0a265eecfd;Monito - Not Sent;03 - Controlling Technique;ffa56598-d23f-484a-a0dd-2af21c9a67cb;63a9adcd-5829-4a88-b9ed-7143a76a1288;Monito Not Sent;snowflake;tableau;$embedded$_ba6c4463-2b5d-4eee-964c-8ccc0ec938d2;snowflake extract
3e0cb8de-923a-4e7d-a89d-df0a265eecfd;Monito - Not Sent;03 - Controlling Technique;0f7448e9-adbb-46ae-9224-3ac0c364dc68;63a9adcd-5829-4a88-b9ed-7143a76a1288;Monito Not Sent;snowflake;tableau;$embedded$_ba6c4463-2b5d-4eee-964c-8ccc0ec938d2;snowflake extract
4733e252-f2a4-41b2-8971-4f1f8ec96800;Performance des Objets;04 - Ad Hoc;afc20672-a363-4909-9479-4b225d8f4e9a;bd166cc1-ee74-44c2-bab7-664649db2411;Performance des Pages;snowflake;tableau;$embedded$_5360ef90-4402-4f89-b03c-5a3fe215fb6b;snowflake extract
4733e252-f2a4-41b2-8971-4f1f8ec96800;Performance des Objets;04 - Ad Hoc;9e26c162-510f-4bb7-864e-6e1f031e2ec4;2e3ed771-ccb6-428f-887e-b2331c226478;Performance de Parcours;snowflake;tableau;$embedded$_0aaaa17f-27a2-4a6c-82a5-b8f4f962cad6;snowflake extract
3324a45a-d2ca-4b2d-a9d4-2d9f36f297be;Prix Contrats Licence d'actifs PST et NPA;08 - DAF;560e4977-25dd-4719-9fe7-c7c3110bffdd;03af90a1-9c93-4cc6-a4ee-5208349d67f7;REFACTU_PST_NPA (CONTROLE_GESTION.REFACTU_PST_NPA) (CONTROLE_GESTION);snowflake;tableau;$embedded$_4dec69e3-d44a-4e36-a1dd-abb0f649eb11;snowflake extract
700f7b41-17f2-4974-96c5-902cc67d5cba;Monito - Failed Unsubs;03 - Controlling Technique;dc848658-a3f1-4152-ad55-fa4058109afe;fc1f0bec-2af0-470f-816e-8b34a98df7b7;FAILED_UNSUBSCRIPTION (TABLEAU.FAILED_UNSUBSCRIPTION) (TABLEAU);snowflake;tableau;$embedded$_a48d0381-9037-4632-938f-9ecc881285d6;snowflake extract
c187af42-b801-4d1c-a9ea-47f4405f8bdb;Trafic sur BDCs;07 - Outdated;07411ffb-900a-46da-bc51-2f42b6338d6b;0736c1bc-b131-469e-9b0f-248dfc20d764;CAMPAIGN_STATS_LOGS (NEW);snowflake;tableau;$embedded$_54a34b3b-9365-4605-8288-588aaa47201f;snowflake extract
c187af42-b801-4d1c-a9ea-47f4405f8bdb;Trafic sur BDCs;07 - Outdated;16c5dbb9-addd-4c6b-a5e6-25aff700b5b7;0736c1bc-b131-469e-9b0f-248dfc20d764;CAMPAIGN_STATS_LOGS (NEW);snowflake;tableau;$embedded$_54a34b3b-9365-4605-8288-588aaa47201f;snowflake extract
c187af42-b801-4d1c-a9ea-47f4405f8bdb;Trafic sur BDCs;07 - Outdated;6e6c97ae-1bb1-44d1-90c0-f33e623f1bc3;0736c1bc-b131-469e-9b0f-248dfc20d764;CAMPAIGN_STATS_LOGS (NEW);snowflake;tableau;$embedded$_54a34b3b-9365-4605-8288-588aaa47201f;snowflake extract
51ef399f-8295-4304-96ed-7ece45d13bcc;Z MONITO Orders PALYANCE ASPSP;11 - Z Reporting NL;11501b0d-7508-40da-8b4d-f208282864c4;12edb364-2e16-4eea-b5bd-a612fcc8c7c8;PALYANCE_MONITO (TABLEAU.PALYANCE_MONITO) (TABLEAU);snowflake;TABLEAU_FINANCE;$embedded$_69899f8b-56c1-4e8f-9866-11eb476936f4;snowflake extract
5c17e22c-6fb0-4d54-ba31-0ce18f139844;Suivi - Recapture;03 - Controlling Technique;8429ff1b-87f2-426b-b836-923a1ca07b2b;3af48efb-ea34-4a9d-aca2-c56256aa7a3f;RECAPTURE_unity_TAB;snowflake;TABLEAU;$embedded$_76e46a42-20e1-4a94-a704-a61e1ff27201;snowflake extract
97150cdd-0e8f-418a-907b-ad845cc1e8c6;Durée d'envoi des Emails;03 - Controlling Technique;b3020348-e283-4222-924f-c9346852db69;16eddc89-c9ea-47bf-9af4-515bc4c9fbbd;MONITO_TEMPS_DENVOI_DES_EMAILS (TABLEAU.MONITO_TEMPS_DENVOI_DES_EMAILS) (TABLEAU);snowflake;tableau;$embedded$_791cd497-c31d-4340-acca-2715b7a0f492;snowflake extract
493f488d-d37e-4e48-822d-dde299b7e2f9;Monito - NTZ;02 - Controlling Marketing;9632c914-f5da-4fc8-b4d1-57e50315f85f;63596b68-63c4-44d2-9eb3-958a701a372b;AR 2 STEP FUSION;sqlproxy;;$embedded$_1f8bdc79-d32a-47e6-b218-8243225b7cdc;Tableau datasource
13ddbf11-ae99-4627-ac84-d87d730e2e70;Leads Live;04 - Ad Hoc;eacf7213-eb2a-44cb-b012-78c776a3d8ed;74bb545e-a032-49a3-8a13-f6ac8ff0c0c0;LEADS LIVE;snowflake;tableau;$embedded$_b8fc5a00-1dc4-4d5a-adaf-97a1d392603b;snowflake extract
8cb92cd9-a012-4381-9ee4-63c1b1ebf67a;VIVARA Alert Center;11 - Z Reporting NL;18520134-9a9b-4d38-bd67-79750d2648ea;6010a66e-13ca-4b42-a25f-85b9ed510769;ALARM_REPORT (ALARM.ALARM_REPORT) (ALARM);snowflake;TABLEAU_FINANCE;$embedded$_ca78b2ee-4c49-4a7e-9a44-b04a50914260;snowflake extract
030809f2-c546-4caa-9ce4-577f363096ae;Monito - Revenus OAE Manquants;02 - Controlling Marketing;7452030c-808c-4790-b8ae-7c91819eaf44;5f385d3a-528f-4eab-b512-4735ef4ba27f;Contract;sqlproxy;;$embedded$_00b90f63-417f-4e97-8a41-69a688e5a4df;Tableau datasource
030809f2-c546-4caa-9ce4-577f363096ae;Monito - Revenus OAE Manquants;02 - Controlling Marketing;5662bdd8-b9a4-4774-88f2-bc92eaa97565;6ee2bd77-8a11-4527-8e46-d34381953121;Monito;snowflake;tableau;$embedded$_be4a4328-f6f3-4385-b758-4ad287762794;snowflake extract
d8912cba-060a-4e7b-a429-742f13f00302;Orders Cascade;03 - Controlling Technique;503f08f1-3bda-4df8-9fca-57a5c7e791c8;5c61dc91-82c4-49ac-b5da-84be2165b62e;Orion Complete;sqlproxy;;$embedded$_d27fdddc-50e4-4c6b-b79c-944cba2a1b1f;Tableau datasource
6cb0bb50-2406-49ae-b6e4-fdca15a9638e;Exports - Mauvais Payeurs ;03 - Controlling Technique;7f08eab7-1842-4cc9-9399-f641ac7bacf8;394e4ca6-b0b4-470d-afbd-2923fb267a92;Emailing Mauvais Payeurs;snowflake;tableau;$embedded$_2bafe06c-caeb-40f0-97c6-1222137d5af3;snowflake extract
6cb0bb50-2406-49ae-b6e4-fdca15a9638e;Exports - Mauvais Payeurs ;03 - Controlling Technique;638833c5-4e87-4ca6-95e6-65ac16054090;7677bef2-764a-41c1-9dac-cdac4061b9af;Mauvais Payeurs;snowflake;tableau;$embedded$_28eb0973-7c0a-4479-ad14-a60274de2faf;snowflake extract
f7fd981f-eeb3-474c-a758-3f12cbe3b786;Monito - Emails sans lien de désinscription;03 - Controlling Technique;f591eff9-6806-4ee4-adb0-4d85a5f809ba;bd3ac475-c9ab-44f0-b9c7-17cbeb6d9b3e;MC Job Fix (with BI_SUBS);sqlproxy;;$embedded$_45db2b3e-6dfb-4623-b674-97d6213c3881;Tableau datasource
768efa50-a33a-490f-b2f9-2f8357968347;Monito - Multi Clickeurs anormaux;03 - Controlling Technique;1a58298a-241e-42d3-a023-35cb078bc630;0387f8eb-062e-489c-ab0d-d9d5b7fe7b54;MONITO_MULTI_CLICKS_ANORMAUX (TABLEAU.MONITO_MULTI_CLICKS_ANORMAUX) (TABLEAU);snowflake;tableau;$embedded$_0410ad4c-f04e-4522-85a5-7e033508f04f;snowflake extract
5c7281b0-f17c-48be-9571-7b47d419314a;Adoption de Falcon;03 - Controlling Technique;cd2087ed-5a15-4208-bf2a-3fb4c30d1a86;e6af6251-4049-4d98-9162-886499d91bc9;CONTROLLING_ADOPTION_FALCON;snowflake;tableau;$embedded$_6a24d575-ac31-4a23-9a24-8e58470012f3;snowflake extract
e8c00fde-1dfa-45dc-8594-e4cea39b8eb9;IAV Revenus chaînés;04 - Ad Hoc;d4f3755f-c2c9-4cf0-baee-e95131178883;929bcd9f-afee-4ed3-9d0b-9a3862ada484;IAV_REVENUS_CHAINES (TABLEAU.IAV_REVENUS_CHAINES) (TABLEAU);snowflake;tableau;$embedded$_a214b134-087a-4200-a49a-658c7f1659f4;snowflake extract
318444e6-19f6-41e4-9d35-f3143a96dda0;Pages Atlas Update;04 - Ad Hoc;14cfccc2-c59b-4d64-bd99-72880061660f;5f6a4368-2771-4eed-a75f-ba5758f0715b;PAGE_ATLAS_UPDATED (TABLEAU.PAGE_ATLAS_UPDATED) (TABLEAU);snowflake;tableau;$embedded$_7f78d3cb-f462-4aae-957b-fcc554d1594e;snowflake extract
3d59a0de-f637-4952-883e-c848bec28760;Monito - MC Target monitoring;02 - Controlling Marketing;6dc9ecf1-858f-4102-b201-c92fa86ece17;a5e1399a-cbc3-426a-a783-780b22826820;MONITO_EMAILING_TARGET_TAB (TABLEAU.MONITO_EMAILING_TARGET_TAB) (TABLEAU);snowflake;tableau;$embedded$_f31cb877-a966-4d91-9dbc-f76a981d789a;snowflake extract
70454326-0674-49ed-8b07-071e34a8a149;Suivi - Hotlist Non Rachetées;07 - Outdated;7df3315f-b501-47df-b587-02e6af1710c9;b27429ca-1352-45df-a3f3-59fe89a1348e;Suivi Rachat HL;snowflake;tableau;$embedded$_a5039cdc-d157-48ff-9e85-1bf6f6c19d9b;snowflake extract
c3745790-af36-442a-b173-737a340c92c2;Suivi Headcount;08 - DAF;1eb6ac03-cc6d-4fe6-90a0-93b0c0daacad;10f08894-f281-4636-a4b7-10bfcb4fa97d;EMPLOYES_BAMBOO (DAF.EMPLOYES_BAMBOO) (ANA);snowflake;tableau;$embedded$_b8bda1da-921d-4dee-a4f7-061f89b47791;snowflake extract
c3745790-af36-442a-b173-737a340c92c2;Suivi Headcount;08 - DAF;672df31d-a604-43de-abe5-992ed7f785a8;e90f06a5-2bac-46e7-9f59-05c61e8a6731;EMPLOYES_CHECK (DAF.EMPLOYES_CHECK) (DAF);snowflake;tableau;$embedded$_b0adc8dc-173d-4fcf-8e58-e17f78319c5f;snowflake extract
b245c081-1685-40ba-9ce1-e978f9210de8;Clôture;08 - DAF;7a2ec3e6-2d7a-49cc-9d6c-cdc45d90d16a;582c2242-ec85-4c34-a92f-f4c3963019ef;COMPTA_GENE_BILAN_PNL (DAF.COMPTA_GENE_BILAN_PNL) (DAF);snowflake;tableau;$embedded$_46a8e26c-d898-4b85-8c05-43c34a6bc0b9;snowflake extract
b245c081-1685-40ba-9ce1-e978f9210de8;Clôture;08 - DAF;28d7cae1-f3f5-47bc-9075-fcd0ca38adbc;99dcf379-6502-4a6a-bc3c-55c5cf495d5b;MISSING_PNL_INTERCO (MONITO.MISSING_PNL_INTERCO) (MONITO);snowflake;TABLEAU;$embedded$_90be1c13-78d5-468b-80ba-05b11feaf069;snowflake extract
b245c081-1685-40ba-9ce1-e978f9210de8;Clôture;08 - DAF;36eec1e2-ba71-471a-a171-ac1b7419a026;96291a97-8188-4f5f-9d85-3476fe7e425f;MISSING_INTERCO (MONITO.MISSING_INTERCO) (MONITO);snowflake;TABLEAU;$embedded$_0b1b15f4-a371-4501-816d-11247a1bbce2;snowflake extract
b245c081-1685-40ba-9ce1-e978f9210de8;Clôture;08 - DAF;602aa466-e237-46ab-a7a3-e32432907ff8;9b6fe57f-bcf1-428c-b04f-c78b83e54748;MISSING_SOCIETES (MONITO.MISSING_SOCIETES) (MONITO);snowflake;TABLEAU;$embedded$_0135874e-742c-4f11-ad71-b7d228af66a9;snowflake extract
b245c081-1685-40ba-9ce1-e978f9210de8;Clôture;08 - DAF;9b89b345-9be4-4f99-92bf-1d1c76136202;09552a50-043d-4bd1-826d-84bd7e944d3c;MISSING_BPS (MONITO.MISSING_BPS) (MONITO);snowflake;tableau;$embedded$_64cdb54a-06f3-4e9b-803d-41d495860d55;snowflake extract
b245c081-1685-40ba-9ce1-e978f9210de8;Clôture;08 - DAF;c23785fa-ed44-4181-8601-6240db62b4af;91f55b3a-1fda-4774-a619-98a0b1d8e211;SAGE_INCOHERENCE_CPY_PCDP_NIV2 (SAGE_MONITO.SAGE_INCOHERENCE_CPY_PCDP_NIV2) (SAGE_MONITO);snowflake;tableau;$embedded$_fc885b91-76aa-475d-98e8-f680abe7634a;snowflake extract
b245c081-1685-40ba-9ce1-e978f9210de8;Clôture;08 - DAF;e6f6ac42-5e24-43ab-8852-02fcac869f8e;e1138cf8-2fb3-4dbf-bca8-7db53d3c3669;TROU_PCDP (SAGE_MONITO.TROU_PCDP) (SAGE_MONITO);snowflake;tableau;$embedded$_4dd45df0-b6bd-4162-a493-3c3ffebf4309;snowflake extract
b245c081-1685-40ba-9ce1-e978f9210de8;Clôture;08 - DAF;584ed3bc-3e22-498d-8002-95572b64bdf9;cc4a8554-cfdc-4c17-a0ff-d2c08da2b05e;MISSING_SERVICE (MONITO.MISSING_SERVICE) (MONITO);snowflake;TABLEAU;$embedded$_e517aa1f-c301-4577-9dab-8dbaaaa6d849;snowflake extract
b245c081-1685-40ba-9ce1-e978f9210de8;Clôture;08 - DAF;0a18c36a-520c-49f5-ad0e-7f4e31c3b88e;103e2f9f-2b73-4e9e-99ee-54f4e13323a1;SAGE_SERVICE_MANQUANT_PCDP_NIV5 (SAGE_MONITO.SAGE_SERVICE_MANQUANT_PCDP_NIV5) (SAGE_MONITO);snowflake;tableau;$embedded$_81b4a0c6-10e8-4bfd-b947-0d6f307c2fd0;snowflake extract
b245c081-1685-40ba-9ce1-e978f9210de8;Clôture;08 - DAF;5a0d0419-0408-44a0-bcf0-90474b7e4597;6ecebcd9-734f-48d1-892d-44710036e4a0;SAGE_INCOHERENCE_SAISIE_SERVICE_ET_CDP (SAGE_MONITO.SAGE_INCOHERENCE_SAISIE_SERVICE_ET_CDP) (SAGE_MONITO);snowflake;tableau;$embedded$_5438571e-eddd-499c-8271-7e54798431e1;snowflake extract
b245c081-1685-40ba-9ce1-e978f9210de8;Clôture;08 - DAF;157aa7c5-b881-4ee6-965e-b0157d526f1a;8954f553-78b6-4eb5-9505-8c52ec2a65f6;HEADCOUNT_EMPTY_SER (MONITO.HEADCOUNT_EMPTY_SER) (MONITO);snowflake;TABLEAU;$embedded$_8c6cca77-9fb7-4484-9067-d91c09b73553;snowflake extract
b245c081-1685-40ba-9ce1-e978f9210de8;Clôture;08 - DAF;346f735d-f02d-4fda-aa80-19b9f35e8d02;eede27b3-c30b-49ce-a365-7ef58d4feb01;MISSING_FILTRE_USER (MONITO.MISSING_FILTRE_USER) (MONITO);snowflake;TABLEAU;$embedded$_25c70608-af15-48b4-aa47-8aac76b2cfc2;snowflake extract
b245c081-1685-40ba-9ce1-e978f9210de8;Clôture;08 - DAF;ca7e747f-3ca9-4e09-b57d-7b302cb38098;99ba402a-8e77-4765-887d-1ac608daa30a;MISSING_TX_XCHANGE (MONITO.MISSING_TX_XCHANGE) (MONITO);snowflake;TABLEAU;$embedded$_60850034-1b40-45c6-a20f-c719c9cc12e5;snowflake extract
b245c081-1685-40ba-9ce1-e978f9210de8;Clôture;08 - DAF;ea82fc3a-aa02-49c8-9290-ee3d1f8df3b9;ca2cc8e8-719a-43a4-8af0-d0e64d3e8be1;MISSING_ACC_0 (MONITO.MISSING_ACC_0) (MONITO);snowflake;TABLEAU;$embedded$_446aa8bb-6569-4326-9647-0c88a597b64d;snowflake extract
b245c081-1685-40ba-9ce1-e978f9210de8;Clôture;08 - DAF;4e645802-a21f-4c5b-9df7-e8a24517f2f4;1e00932d-d3b9-4051-b6db-5037d2bed613;PNL_CONTROL (DAF.PNL_CONTROL) (DAF);snowflake;tableau;$embedded$_1898e5f4-9348-4c7b-80a8-7b2d9a37ea3e;snowflake extract
b245c081-1685-40ba-9ce1-e978f9210de8;Clôture;08 - DAF;ebe0ff2f-9f5d-4184-83a2-da1651aa3371;d5aa6f91-2e7c-4955-915a-3266f4de7ec2;Cross Promo;sqlproxy;;$embedded$_7be8a102-c610-4079-a957-c1ee79951456;Tableau datasource
c0ad0c70-8dc0-4022-8e0e-4da2e95ffb2d;Suivi Factures Fournisseurs;08 - DAF;4d5bae5e-7aa2-4d7a-a930-3152ef5756cb;fe85b72a-1fde-407e-a3b5-79be93891a37;SUIVI_FACTURES_FOURNISSEURS_DSI_SPLIT_PRESTA (SAGE_TABLEAU.SUIVI_FACTURES_FOURNISSEURS_DSI_SPLIT_PRESTA) (SAGE_TABLEAU);snowflake;tableau;$embedded$_5d123b4c-03c0-4df5-aa38-24d27ee6820f;snowflake extract
c0ad0c70-8dc0-4022-8e0e-4da2e95ffb2d;Suivi Factures Fournisseurs;08 - DAF;e5712d15-86a0-44f5-8a76-c042460a7428;985dc92e-84d9-4867-bd82-8b02981aae39;SUIVI_FACTURES_FOURNISSEURS_DSI (SAGE_TABLEAU.SUIVI_FACTURES_FOURNISSEURS_DSI) (SAGE_TABLEAU);snowflake;tableau;$embedded$_5c898ca0-d07d-42d6-a8b4-61498b1ca396;snowflake extract
c0390864-a2e8-4914-bc71-4b4c3593bdb1;Service Cloud;06 - Customer Service;b83c86b7-cd51-4d13-ba1e-e7d63ad6481d;9e90a5c6-02ba-4ecb-90f2-d13d01cc20d2;Service Cloud;sqlproxy;;$embedded$_d01b0abb-37ee-45a2-b529-a610faf54d39;Tableau datasource
c0390864-a2e8-4914-bc71-4b4c3593bdb1;Service Cloud;06 - Customer Service;016dc1b3-b765-4d36-8c8f-4ddc01e37ddc;4c74f236-9a11-4f22-87d8-bcafd3de2c88;Service Cloud - Evaluation;sqlproxy;;$embedded$_c19eb87b-a767-4948-bc9a-11b75c5f28c9;Tableau datasource
c0390864-a2e8-4914-bc71-4b4c3593bdb1;Service Cloud;06 - Customer Service;058a614d-835b-4992-b6fe-590340a8f636;412f8ef2-ead6-42a2-b5be-49387f0ba03d;Service Cloud - Solde Emails;sqlproxy;;$embedded$_88ccbf2c-e545-4341-8d9a-cb4f0ce0feec;Tableau datasource
c0390864-a2e8-4914-bc71-4b4c3593bdb1;Service Cloud;06 - Customer Service;aab95069-398e-4691-8b42-1bf37209e427;0a0a82ee-10af-4920-be92-674eb053150a;Service Cloud - Case History & Trace Record;sqlproxy;;$embedded$_537a0346-aba1-4bff-80e1-705915a506e5;Tableau datasource
35cdcfe2-d7e4-4003-9789-e90bb2c694c9;Cockpit SRC;06 - Customer Service;8a6f5de4-7db6-45c7-a498-a51aa65e16c1;702c6ba5-e10f-4ed0-973c-e18d8e7684a0;KPIs Mensuels Affiliate;sqlproxy;;$embedded$_2f0067fb-34e4-497b-847f-aad91ef63a9f;Tableau datasource
35cdcfe2-d7e4-4003-9789-e90bb2c694c9;Cockpit SRC;06 - Customer Service;5f3b2b6a-5a60-498d-a17c-7d9250abf7c4;c3463a72-a4bf-49a8-83f2-372e33e701b4;Service Cloud - Evaluation;sqlproxy;;$embedded$_94c45d31-040b-4eba-ad4c-154a98367e59;Tableau datasource
35cdcfe2-d7e4-4003-9789-e90bb2c694c9;Cockpit SRC;06 - Customer Service;f490afc8-2a33-46d1-be6c-d711e34746e1;4f2751c3-c3b4-4b02-8e83-c4ec7c9dd082;Contract;sqlproxy;;$embedded$_85773153-bc7e-4a55-9d80-3452b7e7330e;Tableau datasource
35cdcfe2-d7e4-4003-9789-e90bb2c694c9;Cockpit SRC;06 - Customer Service;c6f72357-4486-4bb2-8646-7d95c72be1e8;f3808a34-4986-4852-8a63-ef218e83a97f;Projections SRC import;googledrive;atourriere@vivara-sa.com;$embedded$_ed01c01e-afcf-4203-9c43-7a0a3bc2f4ff;
35cdcfe2-d7e4-4003-9789-e90bb2c694c9;Cockpit SRC;06 - Customer Service;73c99da8-6272-42e4-95ca-b1a9b2ae60ae;ab84da45-3864-4948-af2b-397c24353df4;Service Cloud - Reçus;snowflake;tableau;$embedded$_e1aeb71b-8f44-4a08-ab1c-05a2be4aab48;snowflake extract
35cdcfe2-d7e4-4003-9789-e90bb2c694c9;Cockpit SRC;06 - Customer Service;e14cbc38-fa6d-4121-82d8-d39c76ed3d38;71fc044c-1e02-441b-957a-0348c14b6568;Service Cloud - Reçus - Natifs;snowflake;tableau;$embedded$_6c0fcb77-1449-469a-987e-5e6d59e5e7d4;snowflake extract
35cdcfe2-d7e4-4003-9789-e90bb2c694c9;Cockpit SRC;06 - Customer Service;67f6392e-162a-4352-a115-1f5103533fca;722d2779-5541-4b60-8c6b-0595988928ba;Service Cloud - Traités;snowflake;tableau;$embedded$_d6c0fa85-9e81-45c2-8732-df596d800437;snowflake extract
a6056ca2-bc9d-421a-992b-986ba021041c;P&L Cockpit;08 - DAF;8cc1b4e8-5a2f-4fbc-a9b2-de93d8fc1bf2;fd96f317-58e2-4cc4-a34e-36471d7589c6;KPIs Mensuels Affiliate;sqlproxy;;$embedded$_468c2811-96cb-4138-bb75-e058eca4e01d;Tableau datasource
a6056ca2-bc9d-421a-992b-986ba021041c;P&L Cockpit;08 - DAF;76278b17-e7a3-45c5-823b-f3248b0c13dd;a64c3e3f-340a-49ad-a418-a0c777cedef8;PNL_COCKPIT (DAF.PNL_COCKPIT) (DAF);snowflake;tableau;$embedded$_fa6081bb-8c40-47c9-b77f-4791c0de05f0;snowflake extract
fd86b6b7-5bdd-4fe4-b213-c20676e638de;Analyse Cohortes NTX;04 - Ad Hoc;7c1bcfd1-437d-414e-ad02-af60e6cbb0f9;3dbc3200-4452-4493-9459-8f7e4f3cbb34;NTX_CONTRACTS_COHORT (GWENAEL.NTX_CONTRACTS_COHORT) (GWENAEL);snowflake;TABLEAU;$embedded$_d11b6484-d704-439a-9eea-53c136f373e6;snowflake extract
fd86b6b7-5bdd-4fe4-b213-c20676e638de;Analyse Cohortes NTX;04 - Ad Hoc;abbde675-b6dd-40bc-bc7a-11eb1f733040;05b26c5e-8716-4c54-9217-c54ce873287d;CONTRACTS_DEEPEST_COHORT_MONTH_V3 (AUDREY.CONTRACTS_DEEPEST_COHORT_MONTH_V3) (AUDREY);snowflake;TABLEAU;$embedded$_2a39e4d8-e74b-4305-8f06-d5f1ea3b7db0;snowflake extract
824805f5-10cd-43ef-b6a0-e15784d984cd;Performance LDV Landings;10 - BI;e9e6d9ab-5d1f-4850-abc7-7c0f77e54090;b02e5e98-a61c-4242-8fd2-a1518fa32cf1;PERFORMANCE_LANDINGS_LDV (TABLEAU.PERFORMANCE_LANDINGS_LDV) (TABLEAU);snowflake;TABLEAU;$embedded$_7e99bbb7-f8af-42cb-b84d-89e1a094c50c;snowflake extract
a11b4dde-d7ba-47ea-9c4d-477523a3c5c1;Affiliate Specific OLI ;04 - Ad Hoc;1e6c7b5f-1324-4b88-b534-333160d991a5;58445326-dc87-4200-87e4-bf87cd603c95;Contract;sqlproxy;;$embedded$_25b046a5-47e4-4f9a-b3c2-86023562d091;Tableau datasource
950ea516-501b-4c4b-b3b8-50da3ed018b7;Erosion_Ventes_Platform;10 - BI;9c1b913c-9c45-4637-969d-f124d5b2c958;260f0efc-465d-4e25-bf18-6ba4be44133f;CONTRACTS_NTL_DEEPEST_COHORT_MONTH (GWENAEL.CONTRACTS_NTL_DEEPEST_COHORT_MONTH) (GWENAEL);snowflake;TABLEAU;$embedded$_d97cfc9e-4932-4810-a052-056b76a96b8f;snowflake extract
324b07a2-e9c8-4ff3-b0ed-91dad457fb9f;Monitoring Data Extension MàJ;07 - Outdated;d1a53bcb-accf-4fd5-96c0-27af9129caf3;f28dd9af-d0da-4e40-9411-93c2875cf87a;MULTI_SENT_DE (ANALYSE.MULTI_SENT_DE) (ANALYSE);snowflake;tableau;$embedded$_ce1368b9-ee5a-4f11-93eb-86bb4b9d1fd1;snowflake extract
37b1239b-1190-4f67-8122-5dc362ea7771;Monito - Mauvais Vendor;02 - Controlling Marketing;1988c20b-7f5b-4033-924b-beeef6c01a26;9588fb41-0c90-47f8-bbe4-a40fe72cb1f1;Tracking Check;snowflake;tableau;$embedded$_383fea02-5522-402f-938b-c0299b3bcd90;snowflake extract
b95bffd1-538a-476f-aad6-335f9938e0af;Suivi Gauntlet;03 - Controlling Technique;6af010bf-76b3-42e6-b85e-43f43204a4e5;c9ad24d2-d946-48c1-a639-0ad8c3d6b4ca;MC Job Fix (with BI_SUBS) | Projet : 01 - Marketing;sqlproxy;;$embedded$_b3aff6fa-c4fe-477b-a1c6-f4df3c8b2ba7;Tableau datasource
70fc14e8-63d7-4f76-b5cf-d1dac46ee3bb;Performance Lettres Vente;10 - BI;e77c4a2d-01f8-45d7-a967-7c95a99f583a;8fc22e8d-2dc2-4948-a75f-c0aa385a6b4d;PERFORMANCE_ALL_LDV (GWENAEL.PERFORMANCE_ALL_LDV) (GWENAEL);snowflake;TABLEAU;$embedded$_7032d394-956c-4fae-976d-785b6e14c5a3;snowflake extract
7e69c93e-9927-4359-bac6-a3c7d733c911;Monito - Parcours de Vente sans upsell ni cross-sell;02 - Controlling Marketing;1fd96672-703a-4d6e-8f5a-df6d5ce274f6;8841ea81-09b1-49a5-967f-bfc77a8d35cc;Campaign Stats au Jour;sqlproxy;;$embedded$_426be32b-55cd-406c-8b0d-7785d5f8dc6d;Tableau datasource
fd3a293a-427d-4be6-ba79-66dcdc46ab31;Affiliate Legal and Financial Setup;08 - DAF;0858cf1a-1be9-4d4a-8340-07f2574b9164;9daeb8bb-0d92-4014-9425-9fe13d62d7eb;LEGAL_FINANCIAL_SETUP (ANALYSE.LEGAL_FINANCIAL_SETUP) (ANALYSE);snowflake;tableau;$embedded$_11f70a93-a99a-408d-9c77-9e9f8a9c57d3;snowflake extract
49626f94-2e3e-4d7c-ba05-b3841ba62acf;Monito - Erreurs de ciblage 1 clic;03 - Controlling Technique;2d664bff-642f-4d06-ac59-2c9beed2e4e8;1c4df8e5-ed70-4d6c-9751-f78a717fc671;ONE_CLIC_SUR_CIBLES_SANS_ONE_CLIC (AUDREY.ONE_CLIC_SUR_CIBLES_SANS_ONE_CLIC) (AUDREY);snowflake;tableau;$embedded$_865be2b2-e750-4245-a7cb-e1ad1dde0809;snowflake extract
06839d66-8475-4ce0-b73e-5b07040bcbec;Monito - Emails sans footer d'inscription E-Letter;03 - Controlling Technique;9b4c6039-2980-446a-955c-e47daba882a1;b235fc33-83c4-4c0c-bfa3-49e8cc0882eb;MC Job Fix (with BI_SUBS);sqlproxy;;$embedded$_8fc7cf35-e6f3-4b69-aeaf-b1065f9814c4;Tableau datasource
1ae701c7-66be-4ad3-be6a-78c7f5b6898b;Monito - Leads manquants dans Curiosity;03 - Controlling Technique;b7f41e0c-8067-484b-acc2-b6b44439d0ff;3b0a126e-e103-467c-b33e-31ecaa2abf0e;Campaign Stats au Jour;sqlproxy;;$embedded$_c1cfac13-d8d7-4561-9b92-de9063deed68;Tableau datasource
8b41f805-7b62-455b-b084-53f6ade7ef1a;Snowflake Usage;10 - BI;dab49001-423a-44d5-91d8-aa93804adb39;bf9d62ce-e2f6-43be-a3e6-daa564e78006;WAREHOUSE_METERING_HISTORY (ACCOUNT_USAGE.WAREHOUSE_METERING_HISTORY) (ACCOUNT_USAGE);snowflake;tableau;$embedded$_6699d1fb-62c6-4a4e-aa68-80fcf027dba3;snowflake extract
8b41f805-7b62-455b-b084-53f6ade7ef1a;Snowflake Usage;10 - BI;a2c9e59a-b9a1-4e81-bf79-41017d599cb5;d27efe88-b948-44b5-aa5e-d56147ae9584;STORAGE_USAGE (ACCOUNT_USAGE.STORAGE_USAGE) (ACCOUNT_USAGE);snowflake;tableau;$embedded$_5fad5b5c-3e85-4ca6-8ced-76ea42732070;snowflake extract
9d0526fe-7a41-4f31-9e7c-5776d6310936;Dette abonnés;08 - DAF;fe167876-9ce8-4e6c-b8f3-16d8e056958f;86239556-87cc-47e4-a345-b016beedad7a;LEDGER_DETTE_ABO (DAF.LEDGER_DETTE_ABO) (DAF);snowflake;Tableau;$embedded$_85bc9126-e394-47cd-91a7-38e4e9ae6b26;snowflake extract
f3038504-c2b6-433f-bb63-c82b7418b1c6;Dépenses auteurs - GED;08 - DAF;8002ac0f-aa9e-4f21-82b7-e4d8ae138df7;d2aec2a4-4bb4-4ab7-aa1c-a696bf7813a8;AUTEURS_GED_PUBLICATIONS_FACTURES (DAF.AUTEURS_GED_PUBLICATIONS_FACTURES) (DAF);snowflake;tableau;$embedded$_b4508f2c-66c4-461e-9e08-bb19de471de1;snowflake extract
f3038504-c2b6-433f-bb63-c82b7418b1c6;Dépenses auteurs - GED;08 - DAF;2f44c346-332a-4ac1-9595-c06e93bbdce0;a9884e0e-7fdb-4274-bdf8-dfad2f1202cc;AUTEURS_FACTURES_DAF (DAF.AUTEURS_FACTURES_DAF) (DAF);snowflake;tableau;$embedded$_14638325-6e03-4477-97ef-ba56c6be7d6a;snowflake extract
97068ab1-f276-482e-b2e8-30f9bdb654f6;Suivi - Recapture (before Unity);03 - Controlling Technique;0d907ea6-6169-4e1a-9908-c8d898fcfcae;cc2c2bc4-a7a3-43c2-b3d3-8cdbd80363a9;RECAPTURE_ANALYSIS_TAB;snowflake;TABLEAU_FINANCE;$embedded$_33da2fee-23cd-4a40-879c-d34a8efc269f;snowflake extract
cd1d91af-6ffe-4fa8-8956-57d62ab2f5ab;Scores Recaptcha pétitions;11 - Z Reporting NL;bdee4cff-de54-4b9c-8eb4-b7b1c2098f34;29903df0-7efb-4383-9b5a-528063cc6f3c;PETITION_RECAPTCHA_SCORE (TABLEAU.PETITION_RECAPTCHA_SCORE) (TABLEAU);snowflake;tableau_finance;$embedded$_939a47a1-4274-47b4-89a9-d96c8115a845;snowflake extract
911fdd9c-469a-4f16-80af-63b1111bff26;Rawdata Update Time;10 - BI;5c5d63f0-5087-4c9b-bbf4-c74ee81916ca;19570f4a-53cb-4da4-a21b-76a53f5bf8f5;RAWDATA_UPDATE_TIME (TABLEAU.RAWDATA_UPDATE_TIME) (TABLEAU);snowflake;tableau;$embedded$_9681aa86-856d-434d-bdc5-8a05f1ac675b;snowflake extract
0f356fab-75cc-4533-a3ea-c9bfb037146f;Tables de reporting DAF;08 - DAF;993f0bbe-c2dd-473d-96b9-c1ffa28b898e;258f6d84-1d01-45f1-93dd-9032f0a6ebf5;CORTAB_BPSANDACC_INTERCO_BILAN (DAF.CORTAB_BPSANDACC_INTERCO_BILAN) (DAF);snowflake;TABLEAU;$embedded$_53f5bf70-cab1-4a05-9bbb-4cc5497a83cc;snowflake extract
0f356fab-75cc-4533-a3ea-c9bfb037146f;Tables de reporting DAF;08 - DAF;e4e29c5c-59a5-4953-8ed9-f04cd7607030;2a98d334-cfa5-45bc-ad29-12b4e6b4d495;COMPANY_P (SAGE.COMPANY_P) (SAGE);snowflake;TABLEAU;$embedded$_f37df2e9-dc63-4f09-8d3b-8f7e8bbcf277;snowflake extract
0f356fab-75cc-4533-a3ea-c9bfb037146f;Tables de reporting DAF;08 - DAF;c4fbf36a-c4d9-42a3-ad06-c5a6d9c4b297;1c4c931a-2f14-450b-a5c9-8d425480ff46;LIMITE_COMPTES_CASH (DAF.LIMITE_COMPTES_CASH) (DAF);snowflake;TABLEAU;$embedded$_87d6028e-c024-4efd-8cec-a33c82ac90b3;snowflake extract
0f356fab-75cc-4533-a3ea-c9bfb037146f;Tables de reporting DAF;08 - DAF;671042c9-18fc-4fb5-ac13-15d3763647f5;937d541b-3c21-4138-8969-4e1cc748fcd6;CORTAB_SERVICE_BRAND;snowflake;TABLEAU;$embedded$_937caef0-13b4-48ab-bdc0-23a4411986af;snowflake extract
0f356fab-75cc-4533-a3ea-c9bfb037146f;Tables de reporting DAF;08 - DAF;01c420fc-600d-4c0f-934c-ca3a90189eb8;44832d5d-23db-4bf6-a5a9-a3de41f23be5;SAGE_PCPRA_WITH_HISTORIC (DAF.SAGE_PCPRA_WITH_HISTORIC) (DAF);snowflake;tableau;$embedded$_672fd435-b2a5-449f-bacc-175cacdde266;snowflake extract
0f356fab-75cc-4533-a3ea-c9bfb037146f;Tables de reporting DAF;08 - DAF;3c674335-7b11-46e6-bd40-fe7a02d15587;882ba75d-c2cf-4bd4-a7ac-17a0d0a9d6da;TX_TVA_PNL (DAF.TX_TVA_PNL) (DAF);snowflake;TABLEAU;$embedded$_9fd851b5-414a-4f1d-b2d4-3f0883abd17e;snowflake extract
0f356fab-75cc-4533-a3ea-c9bfb037146f;Tables de reporting DAF;08 - DAF;e89b63eb-8dc2-400b-89f6-d22004a45318;fb5fe3e0-9796-4b7f-ab8d-a2c7df3923a5;SAGE_PCDP;snowflake;tableau;$embedded$_3c9c5483-7628-41a6-b228-5731b07922a4;snowflake extract
0f356fab-75cc-4533-a3ea-c9bfb037146f;Tables de reporting DAF;08 - DAF;82f85e11-7a57-4abb-a855-aed22d12c93c;2ec18440-9f08-4c39-8fce-3de3b971880d;TX_XCHANGE_PNL (DAF.TX_XCHANGE_PNL) (DAF);snowflake;TABLEAU;$embedded$_3b376ff8-30af-45d6-99fc-e181314a5fa7;snowflake extract
0f356fab-75cc-4533-a3ea-c9bfb037146f;Tables de reporting DAF;08 - DAF;57b71396-713c-4c64-a86f-481756eb1173;7fd6d6fe-9e8f-4e4e-95b7-0eaf03fdd054;CORTAB_CPY_0_SOCIETE (DAF.CORTAB_CPY_0_SOCIETE) (DAF);snowflake;TABLEAU;$embedded$_0a827ff3-9493-4705-8ea0-43ef9ea13e9a;snowflake extract
0f356fab-75cc-4533-a3ea-c9bfb037146f;Tables de reporting DAF;08 - DAF;fa6fb2dc-5231-42d6-ac7c-0666037d16cd;08515318-ccfe-4546-b218-19a97c65ab7e;ACC_0_SAGE (DAF.ACC_0_SAGE) (DAF);snowflake;TABLEAU;$embedded$_2eec3901-c5b8-4ab6-9f7c-a4b2ca1cb2b7;snowflake extract
0f356fab-75cc-4533-a3ea-c9bfb037146f;Tables de reporting DAF;08 - DAF;2f78d171-0b18-409f-b2e4-399db868f4ce;cbb4b110-4be3-4dba-8074-71c3b6fe66ea;CORTAB_TEXT_BUDGET_FORECAST (DAF.CORTAB_TEXT_BUDGET_FORECAST) (DAF);snowflake;TABLEAU;$embedded$_4ff9632b-ef16-4409-b27a-28455767c845;snowflake extract
0f356fab-75cc-4533-a3ea-c9bfb037146f;Tables de reporting DAF;08 - DAF;fd9e35e1-3bc4-4ea4-bbd5-14c13e6fa0b3;63acc1c2-53cb-47bd-b785-234b9f2da6b3;CORTAB_TRIGRAMME_INTERCO_PNL (DAF.CORTAB_TRIGRAMME_INTERCO_PNL) (DAF);snowflake;TABLEAU;$embedded$_7549888c-8618-48d1-8bf2-540141b3f471;snowflake extract
0f356fab-75cc-4533-a3ea-c9bfb037146f;Tables de reporting DAF;08 - DAF;f3dbc9ce-e391-4eae-94b4-2403a5940a7d;54157d40-9325-424f-a488-b41f8737b135;CORTAB_SOCIETE _POLE(DAF.CORTAB_SOCIETE_POLE) (DAF);snowflake;TABLEAU;$embedded$_f8fdc991-24cc-4a8d-a5dd-9f0882bef423;snowflake extract
0f8d3400-8ff8-4306-85ba-8c5491ac4818;Ledger SalesForce;08 - DAF;6fcda0e1-7f2c-4860-8022-56b1988de9f8;1bc3a8c5-9607-4aaa-8253-518d208e960c;DAE_VF_TAB (LEDGER_V2.DAE_VF_TAB) (LEDGER_V2);snowflake;tableau;$embedded$_434acf92-62b3-416c-9d4d-5e0afacd1ba4;snowflake extract
0f8d3400-8ff8-4306-85ba-8c5491ac4818;Ledger SalesForce;08 - DAF;8a151d50-7aba-4566-9a53-32bb6e073482;46e31d9f-b6e4-493c-938e-d28606247c71;LEDGER_DETAIL (DAF.LEDGER_DETAIL) (DAF);snowflake;tableau;$embedded$_59190f56-930e-4f60-8c00-45861bb58bfd;snowflake extract
2528d150-7ab2-46bb-bbfe-ae6d1a02ef86;Outdated - Stocks;07 - Outdated;a059ee66-d906-47e8-8300-f3f8606c52e1;0a21e05e-17c3-4e76-a02d-21267f882f8a;LRI_STOCKS (TABLEAU.LRI_STOCKS) (TABLEAU);snowflake;tableau;$embedded$_18e0d5e7-3f34-476f-850f-21b504758ce7;snowflake extract
2528d150-7ab2-46bb-bbfe-ae6d1a02ef86;Outdated - Stocks;07 - Outdated;23d47089-2cc7-4db4-a8d1-aa3a804b2d8d;f6a32447-d5af-430f-90e5-ab3d9390a0cb;COMMANDES_ET_STOCKS_P_S (ANALYSE.COMMANDES_ET_STOCKS_P_S) (ANALYSE);snowflake;tableau;$embedded$_016e7d3e-9bfd-40e2-8dc5-5af6726077ff;snowflake extract
2528d150-7ab2-46bb-bbfe-ae6d1a02ef86;Outdated - Stocks;07 - Outdated;f4782d6d-d268-42ce-8775-bf441fc9145b;e0c72d4f-4754-4245-aeec-58962820838a;CORTAB_SF_LRI (TABLEAU.CORTAB_SF_LRI) (TABLEAU);snowflake;tableau;$embedded$_a8f34523-a6c6-4453-8a03-78d541a45ce5;snowflake extract
2528d150-7ab2-46bb-bbfe-ae6d1a02ef86;Outdated - Stocks;07 - Outdated;72ef4abe-4f53-4f54-a08b-2a450d09da45;acc59636-58e5-4c98-a473-1cec09d71d31;Contract;sqlproxy;;$embedded$_ac2e89e9-8305-49f2-af0d-a36e547c7ecd;Tableau datasource
2528d150-7ab2-46bb-bbfe-ae6d1a02ef86;Outdated - Stocks;07 - Outdated;5a6352c1-f54a-464e-b2c0-987aa0370c4b;3dc10b86-8f3a-4793-8e07-6be8b9effd0a;STOCKS_SAGE (TABLEAU.STOCKS_SAGE) (TABLEAU);snowflake;tableau;$embedded$_c29961e4-0360-4687-877e-7a757195702a;snowflake extract
2528d150-7ab2-46bb-bbfe-ae6d1a02ef86;Outdated - Stocks;07 - Outdated;64fb41be-259e-4677-8a62-f49a32076c67;4e1c2c53-d4a3-4122-869f-b68eff98ef76;STOCKS_HISTORISES (ANALYSE.STOCKS_HISTORISES) (ANALYSE);snowflake;tableau;$embedded$_d1ad864c-b4cc-4dc3-8791-f3b5ec6c2e0d;snowflake extract
d89e1097-9c5b-4a84-ae89-48cbdf3e2ec4;Suivi - Transactions Palyance;03 - Controlling Technique;c0ee35ee-2b99-4de9-b612-2743f496cbd4;0f457b0c-3af6-49fc-b62e-9e1b000aef4f;PAL_TRANSACTIONS (TABLEAU.PAL_TRANSACTIONS) (TABLEAU);snowflake;TABLEAU;$embedded$_d552c54e-9adb-40f4-a8b7-8fa0b0b40ae5;snowflake extract
41c0f736-e2d5-4ff1-9813-5625693dbe24;Monitoring - Emails avec Doi.org;03 - Controlling Technique;9b245598-866b-402e-a0f6-03d960d78ca0;9b6f4914-3ca5-4818-b73a-390b420828f9;MONITORING_DOI_ORG_EMAILS (TABLEAU.MONITORING_DOI_ORG_EMAILS) (TABLEAU);snowflake;tableau;$embedded$_0764fa69-9797-4a59-a5fe-9e56e341e65b;snowflake extract
c6fdf774-7498-4526-89fa-067a9a476034;Multi-ads Report;04 - Ad Hoc;ddce84fe-778b-4c87-9e6a-0dab16f098b5;51bd4a28-996d-4b5d-866d-0d5e14d88b2e;MULTI_AD_REPORT_DETAILS (TABLEAU.MULTI_AD_REPORT_DETAILS) (TABLEAU);snowflake;tableau;$embedded$_e3738801-e1d9-44e7-a301-b8482b2e3ab1;snowflake extract
c6fdf774-7498-4526-89fa-067a9a476034;Multi-ads Report;04 - Ad Hoc;5d9bc4fb-d2f5-4bbf-a3ce-04cf4c2aebe6;bfae89d0-abe9-4e2f-8d0d-fafc6928d2de;Multi-ads Report;snowflake;tableau;$embedded$_2361aee8-658b-46c7-b8c4-0e1c39bef210;snowflake extract
a15d1afa-237a-411d-8e10-e94167543cdb;Trafic sur Parcours;04 - Ad Hoc;67ac98e3-14c1-41dc-8036-ca24e8dc5cc3;d02df792-9835-4844-b6b8-955f6cd7ddc0;Trafic sur Parcours;snowflake;tableau;$embedded$_706c0565-3a63-4613-a80d-3f628eea9fed;snowflake extract
eb528257-0737-4b64-99c2-b87df5226125;Partager.io;04 - Ad Hoc;a7b197ff-8848-4b1d-881f-322e69867ddc;d4c5e3d4-f54a-4e21-8954-0df44acedb7a;Contenus;snowflake;tableau;$embedded$_2eec803a-dd94-46fe-8a23-b0293f173509;snowflake extract
eb528257-0737-4b64-99c2-b87df5226125;Partager.io;04 - Ad Hoc;1684ab7b-f673-4c41-9417-f32d63dc0c98;c3444428-2150-41a3-84b2-336f0fe5f9e6;Leads Variation (PAR);snowflake;tableau;$embedded$_d5548b77-c8c3-4cf8-8190-9d2b1e75ec65;snowflake extract
eb528257-0737-4b64-99c2-b87df5226125;Partager.io;04 - Ad Hoc;3a8c0d13-8cdc-424f-a721-8dcaec54ecd0;2b4d4fb5-b69a-42a3-9775-0ecdcfc6e878;Base Partager (publication + users);snowflake;tableau;$embedded$_839b3df9-eeed-47d5-aa9e-0a123107ae9d;snowflake extract
05d8af0c-4c0b-4264-9be3-426122dcb174;Reporting NPA;04 - Ad Hoc;f4bde0b9-af2a-4469-b480-f935a49b1d7b;e27f5fae-e2cd-4042-9d4a-46fe4d05b5c3;Contract;sqlproxy;;$embedded$_224ce2e5-a6ff-47ec-8c77-233b58618a66;Tableau datasource
05d8af0c-4c0b-4264-9be3-426122dcb174;Reporting NPA;04 - Ad Hoc;783e3307-269b-4835-856a-11a4ea5b24a3;228aee61-b147-45ca-beec-76cf2751cf50;KPIs Mensuels Affiliate;sqlproxy;;$embedded$_1eacc5a0-0553-456d-a52a-95187618d87e;Tableau datasource
9e28a6a0-2016-4398-8734-7d37437683eb;Suivi Evolution 1C;07 - Outdated;a34e7fa9-ac63-472d-89e4-19e4072369ce;67feffc1-5c34-4f18-a1ff-af432b8e99f7;Evol Base 1C;snowflake;tableau;$embedded$_5cd0be12-9374-4def-afaf-3146f183fcde;snowflake extract
bdf806aa-5197-497b-a942-f7ad8c16f989;Marketing Cloud Users Roles & Permissions;11 - Z Reporting NL;63fcd3e0-446f-4c98-a90b-3dcbbadcc80a;7c5de318-2f33-45a3-8a68-16ed615d0a21;MC USERS plus ROLES;snowflake;tableau;$embedded$_90f385eb-d1d1-4065-8ca1-6e2653705c5a;snowflake extract
ab4edda9-4299-41e5-9d41-a88c3258ba4d;Budgets;08 - DAF;27ecf4ca-4d39-45bd-a7a9-7a018b32c79a;5827f6e3-b079-4a83-803e-f3950c951131;Prod Déjà Vendu;snowflake;tableau;$embedded$_4cd7903b-d319-4110-b11e-ad81b66eaf22;snowflake extract
ab4edda9-4299-41e5-9d41-a88c3258ba4d;Budgets;08 - DAF;1f7b01bb-4ef3-4ff7-bc82-90b68abbc4d5;5827f6e3-b079-4a83-803e-f3950c951131;Prod Déjà Vendu;googledrive;ffricker@vivara-sa.com;$embedded$_4cd7903b-d319-4110-b11e-ad81b66eaf22;
ab4edda9-4299-41e5-9d41-a88c3258ba4d;Budgets;08 - DAF;09d35e2e-7cf3-4bce-9fb0-5e9f8d02a294;22cfb591-c5c1-4987-a0f5-c1c370f98b70;Pub Comparatif Passé;snowflake;tableau;$embedded$_faac840f-3ccf-482e-8228-be55159251b1;snowflake extract
ab4edda9-4299-41e5-9d41-a88c3258ba4d;Budgets;08 - DAF;31a362df-f79b-4776-831d-31601c2221c5;22cfb591-c5c1-4987-a0f5-c1c370f98b70;Pub Comparatif Passé;googledrive;ffricker@vivara-sa.com;$embedded$_faac840f-3ccf-482e-8228-be55159251b1;
ab4edda9-4299-41e5-9d41-a88c3258ba4d;Budgets;08 - DAF;225e2053-3efd-4866-8698-d336f8c7d487;6ae5727f-30aa-45c4-ac41-671ba01a94e1;Pub Nouvelles Ventes;snowflake;tableau;$embedded$_783aa97a-6978-4b34-b31f-4a8bb1e90659;snowflake extract
ab4edda9-4299-41e5-9d41-a88c3258ba4d;Budgets;08 - DAF;141da987-5c6e-4125-b5b3-1267c771b8ba;6ae5727f-30aa-45c4-ac41-671ba01a94e1;Pub Nouvelles Ventes;googledrive;ffricker@vivara-sa.com;$embedded$_783aa97a-6978-4b34-b31f-4a8bb1e90659;
ab4edda9-4299-41e5-9d41-a88c3258ba4d;Budgets;08 - DAF;4661dd95-3f39-4dd1-9e0e-023d8d30f507;e4f8eb44-cc14-4980-91bf-f8b926a18f0c;Pub Déjà Vendu;snowflake;tableau;$embedded$_f51a003a-6b4d-4c3e-97e3-67485a783e7c;snowflake extract
ab4edda9-4299-41e5-9d41-a88c3258ba4d;Budgets;08 - DAF;62958039-d37e-4422-9a11-20fec3cb42f9;e4f8eb44-cc14-4980-91bf-f8b926a18f0c;Pub Déjà Vendu;googledrive;ffricker@vivara-sa.com;$embedded$_f51a003a-6b4d-4c3e-97e3-67485a783e7c;
ab4edda9-4299-41e5-9d41-a88c3258ba4d;Budgets;08 - DAF;d9c2330b-a352-4be7-a4ca-4c58ce4ef9b9;0bd39903-2e3d-419c-aacf-b1a5820fcdbd;Prod Comparatif Passé;snowflake;tableau;$embedded$_f60a4257-8668-4e26-aaa8-a3239c139020;snowflake extract
ab4edda9-4299-41e5-9d41-a88c3258ba4d;Budgets;08 - DAF;2d756468-5b96-478b-b0a4-8df34c718f01;0bd39903-2e3d-419c-aacf-b1a5820fcdbd;Prod Comparatif Passé;googledrive;ffricker@vivara-sa.com;$embedded$_f60a4257-8668-4e26-aaa8-a3239c139020;
ab4edda9-4299-41e5-9d41-a88c3258ba4d;Budgets;08 - DAF;bf983bce-36bb-4e2d-a83d-caab9b88ea97;8c88ca86-3168-4f77-8dad-95b7b3d7da5c;Prod Nouvelles Ventes;snowflake;tableau;$embedded$_1c51299e-8f8f-48ba-9e57-f56739edc7ac;snowflake extract
ab4edda9-4299-41e5-9d41-a88c3258ba4d;Budgets;08 - DAF;c909dde2-9751-43c5-9f05-bc99332781df;8c88ca86-3168-4f77-8dad-95b7b3d7da5c;Prod Nouvelles Ventes;googledrive;ffricker@vivara-sa.com;$embedded$_1c51299e-8f8f-48ba-9e57-f56739edc7ac;
9c064602-d7e2-41d7-aedb-3a479bfa1e92;P&L Cockpit;11 - Z Reporting NL;8008e3be-bd7b-42d2-b509-fca7b259dc28;c8e78451-ea24-4da9-b475-543cdcbcaa2e;KPIs Mensuels Affiliate;sqlproxy;;$embedded$_5ae076a7-665b-41da-94af-bf39c732f397;Tableau datasource
9c064602-d7e2-41d7-aedb-3a479bfa1e92;P&L Cockpit;11 - Z Reporting NL;5a3d9469-e35b-49c1-8295-138c6ded1cab;9bb3789a-d2df-4c2c-a791-b4b97885f567;PNL_COCKPIT (DAF.PNL_COCKPIT) (DAF);snowflake;tableau;$embedded$_74ae536f-69bb-4421-8a23-b658f4e053ad;snowflake extract
733edaac-80bc-4997-a031-3592c94ee4e8;Leak Parcours;02 - Controlling Marketing;27c2d249-ec00-4d5e-8d06-cb78f77f2e0b;7d9c155c-1553-4f48-a909-ad88c56a31ed;LEAK_PARCOURS (TABLEAU.LEAK_PARCOURS) (TABLEAU);snowflake;tableau;$embedded$_e203e39d-f063-49a0-935e-0d7e8fa15178;snowflake extract
2d834ab2-bfb8-4135-b6e4-f8bf52aca81c;P&L Cockpit NEW;11 - Z Reporting NL;0d378c1d-cf67-44d6-b908-3dff9c891f96;03706ed3-bce4-48a3-b636-f015009e1d6d;PNL_COCKPIT (DAF.PNL_COCKPIT) (DAF);snowflake;tableau;$embedded$_379f5de1-9f53-4df3-9c85-27579c4979be;snowflake extract
2d834ab2-bfb8-4135-b6e4-f8bf52aca81c;P&L Cockpit NEW;11 - Z Reporting NL;9dd9d810-b470-4681-9241-4245760bcab4;6a367e92-9f6d-4b5c-be05-8d51477e301f;KPIs Mensuels Affiliate;sqlproxy;;$embedded$_47140262-af04-4e07-8efe-293c16bc60ec;Tableau datasource
7b6345f5-e53d-4e0f-b683-1cdeda52f714;11- Renewal Report;01 - Marketing;97410ec4-f976-4084-a166-26605bfe53a7;64dff00d-dc11-4c33-ac36-ec1e5d015cc1;Renewal Rates;snowflake;tableau;$embedded$_30d65d60-5617-4545-90e8-c41656b60f7f;snowflake extract
f872ad3e-1f63-4a7e-aa5f-585f346ea736;P&L Cockpit NEW v3;11 - Z Reporting NL;f6c9ee46-87ff-45b1-b4ea-c9a4bbb6ebd2;6173f072-b81c-4b45-9ae0-b196c8eefc9e;PNL_COCKPIT (DAF.PNL_COCKPIT) (DAF);snowflake;tableau;$embedded$_471f8e77-7292-495a-9b60-ba2a7643b1fc;snowflake extract
f872ad3e-1f63-4a7e-aa5f-585f346ea736;P&L Cockpit NEW v3;11 - Z Reporting NL;d7d75cab-217d-4800-a02f-fe373890d6ab;6d6a373b-fcd6-44e9-8505-cb2fe0c91e6d;KPIs Mensuels Affiliate;sqlproxy;;$embedded$_818d65af-9edd-47c7-98f0-3caf8a1981b4;Tableau datasource
1916dd89-a715-400f-b5ee-e8d64585e3a9;Affichages automatiques du numéro de téléphone;06 - Customer Service;af6e75b1-c316-4680-890d-0736dddb95f2;5e9b3c71-098f-4ff4-b5ae-dd91c488ec95;SRC_AFFICHAGE_TELEPHONE_CONTACT (TABLEAU.SRC_AFFICHAGE_TELEPHONE_CONTACT) (TABLEAU);snowflake;tableau;$embedded$_46ade477-cf67-4111-80c1-b980459d2439;snowflake extract
0f3c42e1-a0b8-431d-80f1-329b36e9f675;Fin de contrat TFX;04 - Ad Hoc;b8c6b601-8e6c-4e1c-b77b-132e651f1c77;c6c835e6-a9fb-4d83-9726-91769118158c;Contract;sqlproxy;;$embedded$_4bef2f15-524a-4c6c-a745-c180aa55c46b;Tableau datasource
e031ff85-ed12-4d3f-a3e8-78c46e1b4955;Dashboard Template;10 - BI;468bb565-40c0-41e3-8cfe-f7a54ab27692;a7b79985-86ba-4c57-83b3-76e2d7d89b72;Contract;sqlproxy;;$embedded$_ce8e2222-ae0f-4751-8f46-00d463802f7e;Tableau datasource
132ff6e5-19d4-47ff-862e-04a80d13fa9b;Yearly Sales Origin;04 - Ad Hoc;1bc88b37-b2e8-4bcd-8e39-33b1048d7ede;fc96ddb9-74c6-40a8-bdcb-2561321336ff;YEARLY_REVENUE_ORIGIN (TABLEAU.YEARLY_REVENUE_ORIGIN) (TABLEAU);snowflake;tableau;$embedded$_f020a709-c419-4ec1-8815-57a4bc8bb2c6;snowflake extract
9a135625-ac7c-4e4e-9141-f9d4d0719adf;Service Cloud (Pubfac);06 - Customer Service;2cbfb59d-783c-4fc1-9a30-c060c126082d;5dc8cd93-2709-4cae-80e5-b8acb06595c7;Service Cloud;sqlproxy;;$embedded$_65b8a879-8d6f-49b3-a80f-d7c59db6bbbe;Tableau datasource
9548e1a1-985c-42a6-be59-1aa12d6931c6;Suivi File Size;05 - Beta;3a50eee5-3578-4623-b636-4cf998b65948;3a1b1927-7ae8-4853-b8f4-603dc5f9ce7f;KPIs Mensuels Affiliate;sqlproxy;;$embedded$_a4a130ee-1dcd-41d0-8dfb-d7fcc9049068;Tableau datasource
09d417de-aedf-4756-b570-e120eca5b977;Suivi Coûts AWS;04 - Ad Hoc;c16b5c4c-9482-473e-a11c-15c5b1db509a;75677b73-37b2-4d67-99f0-d59193923a2d;COST_REPORT (COST_REPORT.COST_REPORT) (COST_REPORT);snowflake;tableau;$embedded$_1dcaccec-8dd9-4732-9128-970b09e88d10;snowflake extract
cb4f06b3-723e-468b-b72c-269c6e00b0ab;Monito - SF / MC Cibles 1C;03 - Controlling Technique;95875eec-ac2a-409d-8f19-23476033efa3;2d17dbd9-2cc2-46c4-becb-45ef07e42336;Evol Base 1C;snowflake;tableau;$embedded$_852711ab-0692-448d-8beb-a74cc19392db;snowflake extract
cb4f06b3-723e-468b-b72c-269c6e00b0ab;Monito - SF / MC Cibles 1C;03 - Controlling Technique;83117d46-db1e-4d9f-aa45-fe36ccac093d;29694756-4e50-4f6e-a3a6-486d61e95c17;MONITO_SYNCHRO_1C_PAL_SF (TABLEAU.MONITO_SYNCHRO_1C_PAL_SF) (TABLEAU);snowflake;tableau;$embedded$_ed173621-06fd-467d-972b-04adfe1324b2;snowflake extract
176345bf-8f5c-46d8-8b76-89aa925699ce;Détection manuelle des clients fraudeurs (VBE);04 - Ad Hoc;49148e89-4cda-483f-b1df-07e1d95ce479;9fe298b0-6f1c-4ab9-87c7-ae84712eaa77;Contract;sqlproxy;;$embedded$_f093a7e5-ffcb-45ed-af78-9e37ca219a60;Tableau datasource
538b6a68-c7d0-4834-95a1-8e75dc4cb7db;Appels sans case;05 - Beta;8d896e00-c66c-4e61-ac83-9b7744c37b55;cd4802af-7850-4ec8-904b-254c5103dcc3;Service Cloud (copie locale);snowflake;tableau;$embedded$_3125ad6d-c1a3-4277-9fa9-653354398f21;snowflake extract
538b6a68-c7d0-4834-95a1-8e75dc4cb7db;Appels sans case;05 - Beta;16d2f16e-362f-4eee-9ec9-25c358c6376d;cd4802af-7850-4ec8-904b-254c5103dcc3;Service Cloud (copie locale);snowflake;tableau;$embedded$_3125ad6d-c1a3-4277-9fa9-653354398f21;snowflake extract
4aee9b4c-fe4d-43a7-bbd9-fe43e7c0f9c5;KPIS Dashboards;05 - Beta;dcd856b2-17ec-4ec2-95b7-1e2daa7e3027;bcb988b6-f56d-4183-9bc3-aa564d19ba5f;PNL Contracts;sqlproxy;;$embedded$_f53cb9bb-7b8c-4fd7-9fa6-f4ca03a72d5f;Tableau datasource
4aee9b4c-fe4d-43a7-bbd9-fe43e7c0f9c5;KPIS Dashboards;05 - Beta;65088457-ff1d-4a59-a9a2-e3142e3090ab;4d21145b-bc58-4ed2-847b-66c7b7e93163;MC Job Fix (with BI_SUBS) | Projet : 01 - Marketing;sqlproxy;;$embedded$_e4758320-ae43-4e62-b516-f4fd92c62819;Tableau datasource
56d6a683-7a2a-4917-a646-dde7c6e287c9;Monitoring Unsubs;10 - BI;e49a13c8-4e63-450d-a784-dce49ca6e149;0fd6d7e3-130a-41e7-9aef-de7e76622fb5;XXX (REPORTING.XXX) (FABIEN);snowflake;Tableau;$embedded$_01026cde-ac88-4611-9cbf-fb8e125bcc85;snowflake extract
c5d8056e-da92-4292-9343-5b5b9630b3c3;LTV à date par prix;05 - Beta;bd7a3d65-4a67-4b99-88ba-97b71bd3452f;e60da5d5-f94b-4e6a-834f-fbed3f29f772;TROISDS_PGU (ANALYSE.TROISDS_PGU) (ANALYSE);snowflake;tableau;$embedded$_ec01a1a0-a01c-4326-a3ee-a2921c0f4591;snowflake extract
a6870633-5749-469a-9645-90fff91a3fc9;Evolution du stock;10 - BI;99e4f894-b963-41c1-a1e2-022a4593daae;8d836769-58f8-43f3-841a-7a291c419282;STOCK_HIST (REPORTING.STOCK_HIST) (FABIEN);snowflake;tableau;$embedded$_80f8a356-837b-446f-893e-9472c9f2b72b;snowflake extract
7faea1b4-40b4-4e5d-9df7-304a1fdddaa5;NPS Salesforce;05 - Beta;1f510f6b-bd9b-4290-a653-1c24f7c28022;921ca1cd-acd6-4808-81b5-88b0cefd3a02;NPS_SALESFORCE (AUDREY.NPS_SALESFORCE) (AUDREY);snowflake;tableau;$embedded$_e0db6ae5-e44e-46f5-843b-382ff5ca0749;snowflake extract
f852fadd-6b44-4022-80fc-dd80b52cb3a8;Monitoring Data Source Fabien;10 - BI;39f69999-7e03-4ca8-b030-f710fb64a33d;25b996e3-390e-4d4a-bb3f-d5074a648248;LCT;sqlproxy;;$embedded$_8cc4f45a-91cf-463d-825f-f57ecc2943a7;Tableau datasource
f852fadd-6b44-4022-80fc-dd80b52cb3a8;Monitoring Data Source Fabien;10 - BI;5548810d-6a0d-4dfe-8f7f-61bc94e98918;d6b4db80-8ae3-45d7-bb95-6b86b54f3c9f;Contract;sqlproxy;;$embedded$_680c3b04-88f6-481c-ab34-5e54b79f21e1;Tableau datasource
f852fadd-6b44-4022-80fc-dd80b52cb3a8;Monitoring Data Source Fabien;10 - BI;17437001-750d-4025-ac9c-39561d245138;fe56bbae-4dbf-4c3d-b30f-d8c1ae48631f;Service Cloud;sqlproxy;;$embedded$_09b28e15-8b3c-4fa4-918d-9b7685a802c6;Tableau datasource
f852fadd-6b44-4022-80fc-dd80b52cb3a8;Monitoring Data Source Fabien;10 - BI;ada69b19-eb67-4f12-8396-efb6bc2f719f;c286ff13-fc75-4dfc-b25f-da6e53e8bea4;AR 2 Step;sqlproxy;;$embedded$_b2938d74-964f-4b05-b3fa-24f6501674ca;Tableau datasource
f852fadd-6b44-4022-80fc-dd80b52cb3a8;Monitoring Data Source Fabien;10 - BI;9da60acf-09a4-4a09-a19f-53cf9ed510e0;54ba07fa-14eb-4abb-a463-b6abe176229f;Paid File Size;sqlproxy;;$embedded$_db59f582-b4a2-47fd-a956-ecd5aebebfe5;Tableau datasource
f852fadd-6b44-4022-80fc-dd80b52cb3a8;Monitoring Data Source Fabien;10 - BI;d92a7dc0-28e0-4c91-8101-899aab2ce644;d0fbacb9-aa38-45de-8135-fad2f2aac82e;MC Job Fix (with BI_SUBS);sqlproxy;;$embedded$_87372f41-b9c7-408a-9dcb-c590d99e9a45;Tableau datasource
f852fadd-6b44-4022-80fc-dd80b52cb3a8;Monitoring Data Source Fabien;10 - BI;51d6f6cd-42b1-4d06-998c-467883e9abf3;9f313c81-9790-4242-a4a1-ed58f7ec90fe;Attrion & Life Time Value;sqlproxy;;$embedded$_f69a88f3-4a62-4c16-b883-d3f469b2e5af;Tableau datasource
f852fadd-6b44-4022-80fc-dd80b52cb3a8;Monitoring Data Source Fabien;10 - BI;e042dfe2-9ebe-40c2-a61c-20d7ed462c08;be672a5f-b473-4194-8701-23ded0cb72b7;KPIs Mensuels Affiliate;sqlproxy;;$embedded$_49dc767a-4cba-4e90-a76b-24f0397bbbf2;Tableau datasource
f852fadd-6b44-4022-80fc-dd80b52cb3a8;Monitoring Data Source Fabien;10 - BI;8fedfb08-5c76-4983-abfd-c7e4186cea20;0ce137ec-c3da-4521-bdab-2d43e956111d;Leads (All);sqlproxy;;$embedded$_5510a6ca-08ec-4bc6-bd33-bfa99a921973;Tableau datasource
f852fadd-6b44-4022-80fc-dd80b52cb3a8;Monitoring Data Source Fabien;10 - BI;fb5b9b92-3c65-4e56-aab4-43c1400cc1dc;8b3c22f5-532d-4fe8-9ce8-f4e92df6a530;Taux Devises;sqlproxy;;$embedded$_cc25c116-eca6-4ee7-ac60-a92e266e371a;Tableau datasource
f852fadd-6b44-4022-80fc-dd80b52cb3a8;Monitoring Data Source Fabien;10 - BI;deea84f1-370f-4dd6-ae1a-d224513c709f;ac879e79-4720-4568-8cdc-35faa3a354b1;Service Cloud - Case History & Trace Record;sqlproxy;;$embedded$_2ec0214c-ef6c-4076-bdad-b53a27297005;Tableau datasource
f852fadd-6b44-4022-80fc-dd80b52cb3a8;Monitoring Data Source Fabien;10 - BI;cf4e7e6c-142d-4cff-a03a-a1363dbc8bf2;cf17d18a-1380-4938-ab39-dec5bd346a8d;PNL Contracts;sqlproxy;;$embedded$_93061512-53c1-4a2e-8783-30c6b35781cb;Tableau datasource
f852fadd-6b44-4022-80fc-dd80b52cb3a8;Monitoring Data Source Fabien;10 - BI;a841ee10-0a01-4fe9-af98-596abda87121;8e5629bc-ee62-452c-aff2-2f04621a96e0;Cross Promo;sqlproxy;;$embedded$_73681614-fb09-44b0-b2bc-5a59baf20644;Tableau datasource
f852fadd-6b44-4022-80fc-dd80b52cb3a8;Monitoring Data Source Fabien;10 - BI;4f8e2234-bc24-4e30-baf3-09d2f76abd5e;aa24e989-79ec-4154-bf47-c2aceebb00ef;Cost Check;sqlproxy;;$embedded$_68a4ef26-936e-4c97-92f5-1467f80a489f;Tableau datasource
f852fadd-6b44-4022-80fc-dd80b52cb3a8;Monitoring Data Source Fabien;10 - BI;7f014eda-dccf-4cbd-85c5-4448d8aa37ae;ce83a1e9-140d-4a2c-a0b8-943be707e798;Orion Complete;sqlproxy;;$embedded$_0850128c-3b37-4e93-ba17-28b891d552f3;Tableau datasource
f852fadd-6b44-4022-80fc-dd80b52cb3a8;Monitoring Data Source Fabien;10 - BI;ce64e035-873e-406a-ab39-819120b999e0;61be0460-89b0-4617-9d42-a8c062a7e994;MC Deliverability Report (with BI_SUBS);sqlproxy;;$embedded$_517d82cc-a7fd-4e84-a8eb-bafc03987858;Tableau datasource
f852fadd-6b44-4022-80fc-dd80b52cb3a8;Monitoring Data Source Fabien;10 - BI;9377b237-d91c-42da-b19c-90ee4507a89a;2a221d21-2f02-48ba-92ad-4d421eb1c8dd;Purecloud Segments;sqlproxy;;$embedded$_491bc2b8-d64a-4407-9c4a-004374ddfb17;Tableau datasource
f852fadd-6b44-4022-80fc-dd80b52cb3a8;Monitoring Data Source Fabien;10 - BI;702bc95e-8254-441a-bb3b-d751e87a40bc;0a01a961-043c-477b-8cd0-30f3544c5fde;2 Step Picking;sqlproxy;;$embedded$_4408d6f5-ac3f-46de-bc0a-2d7400d1d939;Tableau datasource
f852fadd-6b44-4022-80fc-dd80b52cb3a8;Monitoring Data Source Fabien;10 - BI;f9a6bee7-21dd-4643-a848-265adeeb16e1;15827fb3-f550-4513-a552-21c43125f6fc;Service Cloud - Evaluation;sqlproxy;;$embedded$_13a34214-103e-4fc1-b05f-23be4af71b99;Tableau datasource
f852fadd-6b44-4022-80fc-dd80b52cb3a8;Monitoring Data Source Fabien;10 - BI;4eb5b5f3-1819-441b-927f-9c7dfd965b0b;c0ddeedf-910e-43e9-a6cc-423497ae7e30;Campaign Stats (Daily Agreg);sqlproxy;;$embedded$_be27cd50-b5fa-4e1d-b6d2-25b52cb7c46b;Tableau datasource
f852fadd-6b44-4022-80fc-dd80b52cb3a8;Monitoring Data Source Fabien;10 - BI;71e93746-4508-4462-96f4-8ab9f5586c7b;7cf97be1-7a6d-4e53-a109-231a907dbaea;Hotlists;sqlproxy;;$embedded$_1f0ae723-3f44-417f-b324-82cbb5806264;Tableau datasource
f852fadd-6b44-4022-80fc-dd80b52cb3a8;Monitoring Data Source Fabien;10 - BI;8d47a553-8620-4eec-8858-cafe501162f6;aa27bd8b-8bdd-4ef9-9fbe-f27f03fdfbf1;Leads Variation (Agreg);sqlproxy;;$embedded$_e9a48464-03f4-4f64-8bbf-f46965c858c9;Tableau datasource
f852fadd-6b44-4022-80fc-dd80b52cb3a8;Monitoring Data Source Fabien;10 - BI;b1df5cb3-a955-448f-957f-d84d106a1c36;25017860-2f58-4ba2-bfbf-fa3a377762a6;Leads Actifs (Agreg);sqlproxy;;$embedded$_322b8013-6349-4f06-afad-48fd3082a05f;Tableau datasource
f852fadd-6b44-4022-80fc-dd80b52cb3a8;Monitoring Data Source Fabien;10 - BI;2ce78f19-f60e-4fa3-82d8-6dd724df0482;754481a0-62cc-4151-a461-5747bf3e07ac;Service Cloud - Solde Emails;sqlproxy;;$embedded$_3820a54d-d18d-44a6-a96f-ec4dd9101a3e;Tableau datasource
f852fadd-6b44-4022-80fc-dd80b52cb3a8;Monitoring Data Source Fabien;10 - BI;6f6dc5a0-7a86-4b48-98a5-d673ce5ce9a7;a364de40-d2da-4124-9f12-58b974f8b797;AR 1 Step;sqlproxy;;$embedded$_c5e3d502-29c7-47d5-b7e2-90edc48699c2;Tableau datasource
23d90329-d778-4ba2-8835-5c73368812b2;Evolution du stock;05 - Beta;b42e5432-9817-4057-9ab1-ea368756c9ba;5096724b-0247-483d-a619-dd9ef9dae567;STOCK_HIST_3 (FABIEN.STOCK_HIST_3) (FABIEN);snowflake;tableau;$embedded$_b820df68-33f9-4fc6-88f6-9c2b8b879df2;snowflake extract
561366f5-b9be-459d-b2d1-982cbf2b5203;Suivi - Stocks;03 - Controlling Technique;237580cd-51ad-4aec-b15f-bb37fac1d178;2b343d99-6195-4725-942b-4d4c15ac6148;LRI_STOCKS (TABLEAU.LRI_STOCKS) (TABLEAU);snowflake;tableau;$embedded$_a4456bfc-5816-4e69-8f43-348b7c8b3e58;snowflake extract
561366f5-b9be-459d-b2d1-982cbf2b5203;Suivi - Stocks;03 - Controlling Technique;e7ce7bb5-2f49-4e41-bf65-399458df5406;96775b99-4734-4e36-8c8c-8c878fb46a86;SUIVI_STOCKS (TABLEAU.SUIVI_STOCKS) (TABLEAU);snowflake;tableau;$embedded$_9870dcf4-5c50-41ef-9866-18fd660af667;snowflake extract
561366f5-b9be-459d-b2d1-982cbf2b5203;Suivi - Stocks;03 - Controlling Technique;c0a53a45-8a48-4427-be2f-18e57e9ea738;e8b3de36-4f1c-4654-ba15-b7ef7d19d758;STOCKS_SAGE (TABLEAU.STOCKS_SAGE) (TABLEAU);snowflake;tableau;$embedded$_9dd26c8f-7960-4be5-8b41-00314755d3cc;snowflake extract
561366f5-b9be-459d-b2d1-982cbf2b5203;Suivi - Stocks;03 - Controlling Technique;70e97325-6df5-4d78-8430-4fefe9a5f2be;cae0f794-9598-4d31-a7f5-d9a4d2c3872c;SUIVI_STOCK_HISTORIC_NEW (TABLEAU.SUIVI_STOCK_HISTORIC_NEW) (TABLEAU);snowflake;tableau;$embedded$_137969e4-5057-44d9-93bd-c10f392c8b24;snowflake extract
19a85835-e17c-49af-a4b9-b1cb818ab38e;Monito - Shooting Unsubs;03 - Controlling Technique;a50f3a57-67d4-40ff-9ba8-8f68d662146a;7f61f064-5279-472b-ad07-8231ef68f1f8;MONITO_SHOOTING_UNSUBS (TABLEAU.MONITO_SHOOTING_UNSUBS) (TABLEAU);snowflake;Tableau;$embedded$_7464a93e-3a77-44b9-928c-2f749fbd5de3;snowflake extract
89dbfe03-c994-447d-a82a-bc726a1bb679;Test accès;10 - BI;8157b387-323a-478b-b449-585634c6f491;df96a553-efe7-43a9-9d05-8459a5630b42;Contract;sqlproxy;;$embedded$_1c92651d-80eb-4a2d-981f-c3839f911aaf;Tableau datasource
c9fe75a6-bdb5-4e73-a621-71727b3ad3cb;Chargebacks;10 - BI;49780ca9-c806-4c2d-a322-c69c9689eb28;f705386f-0d73-48b3-b8e1-ecf9d61a58e8;CHARGEBACK (FABIEN.CHARGEBACK) (FABIEN);snowflake;tableau;$embedded$_8623b4ec-f415-4e81-9cb5-d575d048e569;snowflake extract
437f5695-0b1b-4c0b-a652-a2dd7928fae7;test_user_filter;11 - Z Reporting NL;5d843e37-df4d-4674-8d04-13ac5815e270;2bb96b77-7850-4f5e-b58b-435b25ffb3cf;Cost Check (copie locale);snowflake;tableau;$embedded$_37638403-ab95-4470-b7ce-5d341902bb20;snowflake extract
